year,month,dep_time,dep_delay,arr_time,arr_delay,distance,op_unique_carrier_code,origin_city_name_code,dest_city_name_code
2024,5,1751.0,11.0,1820.0,0.0,359.0,11,8,70
2024,10,551.0,-9.0,707.0,-26.0,391.0,5,219,70
2024,8,1304.0,-1.0,1426.0,0.0,224.0,11,242,241
2024,4,1101.0,6.0,1914.0,-6.0,2569.0,7,111,152
2024,9,1209.0,4.0,1338.0,-1.0,404.0,4,184,14
2024,1,2100.0,-5.0,2336.0,31.0,84.0,11,50,244
2024,6,803.0,-7.0,1055.0,-10.0,672.0,13,38,5
2024,7,1015.0,55.0,1123.0,67.0,89.0,11,147,234
2024,7,1620.0,0.0,1801.0,-9.0,1642.0,13,112,187
2024,3,1544.0,9.0,1756.0,1.0,837.0,13,254,119
2024,7,1205.0,25.0,1550.0,10.0,1183.0,13,175,183
2024,1,532.0,-3.0,822.0,-24.0,1400.0,9,177,116
2024,3,38.0,116.0,225.0,98.0,1464.0,1,62,228
2024,12,1302.0,-9.0,1543.0,53.0,421.0,11,185,228
2024,11,1204.0,-8.0,1306.0,-12.0,175.0,8,181,65
2024,3,1952.0,-8.0,2112.0,-13.0,373.0,13,216,154
2024,2,1259.0,-9.0,1434.0,-6.0,862.0,4,65,154
2024,9,1541.0,-9.0,1832.0,-28.0,2475.0,4,176,154
2024,6,1054.0,-6.0,1438.0,-2.0,1433.0,5,225,211
2024,10,730.0,0.0,815.0,-10.0,1067.0,13,61,143
2024,3,945.0,-3.0,1116.0,-13.0,335.0,10,46,53
2024,10,520.0,0.0,1010.0,-5.0,1235.0,13,139,116
2024,5,2208.0,8.0,2325.0,5.0,337.0,13,20,61
2024,3,1549.0,90.0,1804.0,87.0,985.0,5,184,65
2024,10,1125.0,-6.0,1222.0,-14.0,142.0,10,266,185
2024,10,2011.0,11.0,2140.0,-8.0,340.0,14,176,200
2024,2,723.0,-7.0,1019.0,5.0,1620.0,4,176,70
2024,6,1714.0,-2.0,1808.0,-3.0,110.0,11,258,199
2024,8,1455.0,0.0,1726.0,-16.0,1050.0,2,236,227
2024,7,1138.0,23.0,1418.0,7.0,692.0,12,65,43
2024,10,1119.0,-1.0,1210.0,0.0,100.0,13,125,115
2024,1,1822.0,-3.0,2058.0,-16.0,522.0,11,223,32
2024,3,1254.0,49.0,1607.0,42.0,909.0,13,216,70
2024,4,624.0,-6.0,826.0,-16.0,783.0,6,12,33
2024,1,1234.0,-6.0,2016.0,-11.0,2288.0,12,147,269
2024,7,551.0,-4.0,727.0,-8.0,543.0,13,180,205
2024,2,1510.0,-1.0,1721.0,-7.0,837.0,6,227,3
2024,8,1706.0,0.0,1854.0,0.0,587.0,6,262,24
2024,1,2209.0,79.0,2312.0,67.0,319.0,13,61,167
2024,6,1333.0,8.0,1446.0,1.0,251.0,11,65,76
2024,3,1018.0,-5.0,1243.0,35.0,447.0,12,222,228
2024,3,623.0,-7.0,1221.0,-26.0,1846.0,12,223,51
2024,10,1621.0,-1.0,1740.0,-4.0,329.0,11,223,162
2024,12,2049.0,-8.0,2215.0,-16.0,1771.0,9,58,143
2024,1,1154.0,-11.0,1428.0,-31.0,1062.0,12,84,55
2024,10,1423.0,-7.0,1513.0,-12.0,569.0,1,62,5
2024,12,1325.0,-11.0,1602.0,-22.0,829.0,14,33,155
2024,1,959.0,0.0,1104.0,-2.0,187.0,14,176,33
2024,2,1522.0,2.0,1630.0,-7.0,696.0,4,15,116
2024,12,2044.0,-6.0,2118.0,-6.0,328.0,1,46,181
2024,2,1832.0,15.0,1955.0,13.0,281.0,10,46,147
2024,10,1202.0,12.0,1247.0,9.0,163.0,7,111,137
2024,10,703.0,-12.0,734.0,-27.0,435.0,11,233,169
2024,7,1130.0,50.0,1143.0,38.0,328.0,13,46,181
2024,6,1718.0,28.0,1936.0,21.0,496.0,13,73,226
2024,2,1307.0,-1.0,1400.0,-5.0,91.0,8,46,12
2024,9,1445.0,-9.0,1618.0,-24.0,482.0,14,266,204
2024,6,1513.0,47.0,1801.0,31.0,680.0,4,65,169
2024,8,1742.0,12.0,2103.0,36.0,637.0,11,65,247
2024,5,934.0,-9.0,1531.0,-29.0,1851.0,4,219,269
2024,9,1518.0,14.0,1702.0,3.0,667.0,6,140,232
2024,10,1204.0,-11.0,1658.0,-20.0,1276.0,4,193,169
2024,9,719.0,-11.0,829.0,-21.0,316.0,12,112,171
2024,7,600.0,-5.0,708.0,3.0,102.0,8,261,65
2024,7,1315.0,130.0,1458.0,130.0,404.0,5,15,191
2024,3,1913.0,13.0,2007.0,2.0,611.0,13,20,51
2024,9,2346.0,386.0,102.0,363.0,351.0,10,135,65
2024,12,816.0,-4.0,1122.0,11.0,569.0,1,5,65
2024,8,1956.0,52.0,2236.0,22.0,2378.0,1,192,241
2024,7,1659.0,14.0,1749.0,10.0,263.0,7,142,137
2024,1,606.0,6.0,930.0,0.0,874.0,4,34,169
2024,8,1326.0,-4.0,1558.0,-14.0,532.0,4,216,224
2024,1,1301.0,56.0,1617.0,33.0,963.0,11,156,183
2024,2,2126.0,102.0,235.0,208.0,1121.0,9,33,191
2024,12,2237.0,-8.0,2337.0,-9.0,76.0,11,161,217
2024,10,939.0,-1.0,1105.0,20.0,140.0,12,18,116
2024,5,1605.0,-5.0,1705.0,-20.0,296.0,13,224,40
2024,12,1843.0,-3.0,2104.0,-22.0,859.0,4,105,14
2024,7,539.0,-1.0,659.0,-16.0,445.0,13,75,187
2024,8,1709.0,32.0,2207.0,37.0,1055.0,1,139,65
2024,11,1816.0,-4.0,2021.0,-16.0,700.0,4,158,211
2024,11,1657.0,2.0,2242.0,-8.0,1912.0,13,193,39
2024,2,2141.0,1.0,2249.0,-8.0,305.0,11,112,182
2024,8,554.0,-6.0,711.0,-14.0,436.0,13,61,182
2024,2,715.0,5.0,1012.0,-41.0,1185.0,4,33,256
2024,5,1157.0,-3.0,1517.0,2.0,895.0,13,65,51
2024,3,724.0,-6.0,914.0,-11.0,491.0,12,156,51
2024,10,925.0,0.0,1523.0,3.0,1754.0,13,65,33
2024,11,1101.0,1.0,1410.0,-19.0,2422.0,4,176,241
2024,2,1106.0,-7.0,1258.0,-24.0,214.0,4,174,14
2024,9,1230.0,0.0,1612.0,-13.0,1183.0,13,175,183
2024,7,759.0,-11.0,1041.0,37.0,399.0,14,33,269
2024,4,853.0,23.0,1027.0,27.0,432.0,13,115,14
2024,10,846.0,-4.0,1354.0,-15.0,1276.0,1,193,169
2024,12,2057.0,-7.0,2303.0,-18.0,298.0,11,65,110
2024,6,2356.0,516.0,130.0,500.0,449.0,5,46,198
2024,10,650.0,-10.0,937.0,-17.0,1041.0,12,221,51
2024,9,736.0,-6.0,901.0,4.0,304.0,1,193,227
2024,9,1530.0,3.0,1603.0,-5.0,437.0,10,46,193
2024,12,1517.0,-3.0,2042.0,-15.0,1640.0,4,34,14
2024,1,857.0,27.0,1743.0,45.0,2586.0,4,223,183
2024,5,1429.0,-1.0,1552.0,7.0,362.0,13,183,187
2024,4,1439.0,14.0,1703.0,9.0,286.0,11,50,155
2024,7,1110.0,5.0,1228.0,-7.0,409.0,13,20,72
2024,2,846.0,-9.0,1106.0,-36.0,851.0,1,266,237
2024,1,857.0,-3.0,1214.0,2.0,993.0,5,192,90
2024,8,2400.0,82.0,59.0,65.0,628.0,5,65,143
2024,6,1910.0,-5.0,2006.0,-4.0,216.0,13,109,115
2024,3,2000.0,87.0,2109.0,88.0,134.0,11,131,65
2024,9,1051.0,58.0,1518.0,44.0,1416.0,11,112,183
2024,5,1736.0,-3.0,1907.0,-3.0,430.0,1,46,55
2024,4,1746.0,126.0,1858.0,137.0,108.0,11,50,157
2024,5,1011.0,-4.0,1108.0,-31.0,641.0,1,62,70
2024,3,652.0,-8.0,842.0,-28.0,696.0,2,236,229
2024,8,908.0,-9.0,1016.0,-20.0,641.0,5,62,70
2024,11,740.0,-5.0,851.0,-19.0,770.0,13,246,70
2024,2,1254.0,4.0,1414.0,4.0,236.0,13,139,154
2024,6,1305.0,15.0,1433.0,18.0,862.0,13,65,154
2024,11,1731.0,0.0,1844.0,1.0,223.0,11,79,169
2024,1,2116.0,-4.0,2238.0,2.0,225.0,11,62,252
2024,7,1021.0,-7.0,1307.0,-28.0,674.0,11,71,65
2024,6,1923.0,-9.0,2147.0,-13.0,1709.0,2,246,241
2024,10,828.0,-7.0,1016.0,-26.0,563.0,14,33,55
2024,7,1525.0,46.0,1835.0,46.0,721.0,1,72,65
2024,9,831.0,-12.0,1130.0,-4.0,954.0,12,147,241
2024,11,1210.0,-8.0,1328.0,-18.0,442.0,4,15,163
2024,10,1456.0,6.0,1608.0,-36.0,1460.0,1,160,199
2024,1,601.0,-4.0,654.0,-16.0,189.0,13,18,64
2024,9,1851.0,18.0,2119.0,2.0,994.0,9,194,89
2024,11,1905.0,6.0,2145.0,-3.0,551.0,0,237,14
2024,9,1136.0,-7.0,1741.0,0.0,1727.0,4,219,48
2024,3,1253.0,3.0,2000.0,12.0,1749.0,9,139,72
2024,1,2059.0,9.0,2243.0,-1.0,517.0,11,65,248
2024,3,2015.0,0.0,2224.0,9.0,643.0,12,112,131
2024,8,652.0,-3.0,1205.0,-29.0,1440.0,1,193,51
2024,6,1018.0,-7.0,1207.0,-23.0,727.0,13,148,256
2024,2,724.0,-1.0,1008.0,-17.0,761.0,13,181,14
2024,6,813.0,2.0,1038.0,21.0,685.0,1,62,193
2024,3,629.0,-1.0,854.0,-8.0,892.0,6,51,270
2024,7,2348.0,-11.0,459.0,-17.0,1345.0,1,207,65
2024,8,2045.0,79.0,2229.0,57.0,685.0,1,41,65
2024,2,1935.0,39.0,2203.0,20.0,2244.0,1,46,221
2024,7,1619.0,32.0,2337.0,62.0,1587.0,1,193,14
2024,11,1733.0,-2.0,1822.0,-13.0,189.0,13,61,17
2024,3,815.0,-15.0,1055.0,-18.0,1001.0,6,93,232
2024,12,2017.0,167.0,2157.0,162.0,372.0,10,266,179
2024,7,1351.0,11.0,1439.0,2.0,573.0,11,122,70
2024,4,1259.0,-3.0,1429.0,-2.0,482.0,6,247,102
2024,9,1403.0,3.0,1659.0,15.0,867.0,2,139,241
2024,8,2020.0,8.0,2145.0,11.0,315.0,8,50,57
2024,10,940.0,0.0,1141.0,-4.0,721.0,13,246,17
2024,11,1256.0,-3.0,1453.0,-6.0,509.0,14,176,72
2024,5,1202.0,11.0,1454.0,10.0,1107.0,2,236,199
2024,7,2200.0,99.0,2329.0,99.0,364.0,8,244,65
2024,7,552.0,-8.0,718.0,-8.0,269.0,14,198,183
2024,7,1112.0,2.0,1258.0,3.0,583.0,13,50,262
2024,4,1240.0,44.0,1525.0,33.0,944.0,4,176,191
2024,7,1048.0,-2.0,1146.0,-16.0,622.0,12,20,51
2024,9,1457.0,28.0,1622.0,24.0,461.0,8,62,106
2024,1,641.0,11.0,1349.0,4.0,1892.0,4,222,14
2024,6,1943.0,95.0,2055.0,86.0,335.0,1,46,155
2024,8,621.0,21.0,1032.0,16.0,813.0,1,258,65
2024,3,653.0,-3.0,752.0,-13.0,536.0,14,12,51
2024,12,723.0,-7.0,1047.0,-2.0,733.0,4,50,183
2024,5,1107.0,2.0,1246.0,-9.0,649.0,13,216,245
2024,6,2106.0,25.0,49.0,11.0,1121.0,1,62,166
2024,1,1330.0,85.0,1530.0,80.0,214.0,13,174,14
2024,4,1832.0,-4.0,2049.0,-10.0,813.0,4,121,72
2024,1,1714.0,-1.0,1851.0,-4.0,623.0,13,61,181
2024,5,1245.0,-4.0,1338.0,-21.0,675.0,1,192,181
2024,11,832.0,-3.0,1005.0,2.0,444.0,4,15,237
2024,5,1217.0,-11.0,1330.0,-24.0,313.0,10,105,269
2024,2,1239.0,-6.0,1524.0,-6.0,717.0,13,50,4
2024,11,2242.0,-7.0,33.0,-13.0,666.0,4,15,198
2024,3,853.0,8.0,1137.0,-10.0,678.0,1,50,198
2024,10,1819.0,-10.0,2000.0,-26.0,908.0,0,266,169
2024,2,1825.0,4.0,2110.0,-36.0,1391.0,4,176,65
2024,2,1128.0,-3.0,1507.0,-4.0,1121.0,5,33,191
2024,7,658.0,-17.0,903.0,-19.0,1195.0,4,112,224
2024,8,556.0,-4.0,1013.0,-23.0,1389.0,4,62,183
2024,6,2015.0,0.0,2100.0,-13.0,629.0,4,67,131
2024,11,609.0,-1.0,709.0,-26.0,323.0,8,58,269
2024,11,1801.0,2.0,2105.0,1.0,2425.0,2,177,227
2024,5,944.0,204.0,1201.0,198.0,696.0,4,224,241
2024,4,1045.0,-4.0,1200.0,-5.0,160.0,11,10,51
2024,3,848.0,-12.0,1333.0,-1.0,1448.0,2,9,241
2024,4,1136.0,26.0,1236.0,6.0,293.0,13,149,64
2024,1,555.0,-5.0,718.0,-12.0,321.0,4,148,14
2024,6,1118.0,-7.0,1254.0,-21.0,508.0,11,87,14
2024,12,701.0,-4.0,1027.0,-22.0,1005.0,1,50,191
2024,4,1801.0,-2.0,2211.0,18.0,1024.0,5,236,70
2024,11,28.0,69.0,617.0,72.0,1754.0,3,65,33
2024,5,858.0,-8.0,1315.0,-26.0,872.0,1,193,17
2024,10,1101.0,19.0,1419.0,20.0,789.0,10,262,269
2024,12,2230.0,55.0,59.0,98.0,570.0,6,174,10
2024,6,1723.0,-7.0,1900.0,-3.0,292.0,14,176,214
2024,3,1520.0,65.0,1723.0,58.0,763.0,13,199,143
2024,2,1031.0,-4.0,1830.0,-29.0,2534.0,2,199,191
2024,2,1255.0,10.0,1549.0,3.0,590.0,11,147,224
2024,2,1908.0,-10.0,2132.0,-12.0,833.0,0,121,183
2024,2,1043.0,-7.0,1118.0,-18.0,413.0,12,194,51
2024,7,1336.0,1.0,1636.0,-9.0,794.0,12,65,226
2024,9,1227.0,-8.0,1356.0,-26.0,500.0,4,46,72
2024,6,1508.0,2.0,1539.0,7.0,31.0,2,191,277
2024,12,1838.0,3.0,2109.0,4.0,448.0,13,174,55
2024,7,809.0,24.0,938.0,16.0,395.0,3,33,39
2024,7,656.0,-4.0,916.0,-21.0,920.0,1,192,256
2024,2,1915.0,10.0,2344.0,-13.0,1585.0,12,177,2
2024,10,1823.0,-8.0,1953.0,-8.0,391.0,5,65,224
2024,8,1057.0,8.0,1408.0,8.0,731.0,9,62,14
2024,11,1507.0,-9.0,1842.0,-24.0,1020.0,1,242,199
2024,9,1349.0,-6.0,1828.0,-30.0,1290.0,12,65,200
2024,7,1817.0,-6.0,2118.0,-24.0,731.0,4,62,14
2024,12,1604.0,-6.0,1618.0,-17.0,368.0,13,219,143
2024,11,639.0,-6.0,1242.0,-13.0,1723.0,1,222,51
2024,10,1954.0,-1.0,2134.0,-3.0,369.0,14,20,33
2024,5,1034.0,-7.0,1340.0,-13.0,738.0,0,160,183
2024,1,812.0,-6.0,1100.0,-23.0,731.0,1,62,14
2024,4,1744.0,-1.0,1933.0,10.0,447.0,11,222,228
2024,8,809.0,-10.0,918.0,-36.0,285.0,11,62,6
2024,2,1801.0,-9.0,1836.0,-3.0,240.0,11,63,51
2024,5,1149.0,6.0,1350.0,-2.0,632.0,1,84,48
2024,12,845.0,-10.0,1056.0,-20.0,645.0,14,177,119
2024,4,1514.0,-1.0,1631.0,-3.0,1199.0,4,15,70
2024,7,2335.0,0.0,800.0,-6.0,2554.0,4,236,191
2024,6,726.0,-4.0,913.0,-12.0,1017.0,1,85,65
2024,7,644.0,-1.0,746.0,-9.0,296.0,13,224,40
2024,7,1544.0,14.0,1857.0,10.0,1237.0,9,84,33
2024,1,2005.0,4.0,2232.0,27.0,1072.0,9,184,131
2024,7,1346.0,286.0,1528.0,273.0,547.0,4,266,14
2024,1,1442.0,2.0,1538.0,-12.0,223.0,13,38,143
2024,12,1430.0,-5.0,1627.0,-5.0,1012.0,12,254,51
2024,5,934.0,-3.0,1207.0,-19.0,1052.0,5,267,120
2024,7,34.0,134.0,258.0,119.0,994.0,9,84,200
2024,11,1210.0,5.0,1349.0,-6.0,460.0,10,87,48
2024,9,1020.0,-5.0,1644.0,9.0,1781.0,12,216,51
2024,9,1030.0,31.0,1528.0,134.0,731.0,5,62,14
2024,1,1345.0,0.0,1509.0,-6.0,909.0,13,65,221
2024,6,1755.0,15.0,2253.0,4.0,1235.0,1,147,65
2024,7,1827.0,-5.0,2200.0,-16.0,1059.0,6,163,232
2024,5,1237.0,2.0,1559.0,-7.0,1018.0,6,166,232
2024,5,1836.0,16.0,1945.0,10.0,220.0,13,117,19
2024,7,2157.0,42.0,2338.0,16.0,594.0,9,67,14
2024,8,705.0,5.0,924.0,-23.0,1969.0,12,174,228
2024,6,1119.0,4.0,1318.0,-13.0,1124.0,4,33,169
2024,12,516.0,-9.0,844.0,-16.0,845.0,11,19,70
2024,1,907.0,-3.0,1139.0,-21.0,584.0,13,50,48
2024,10,1634.0,0.0,1851.0,-4.0,746.0,12,15,184
2024,4,1120.0,29.0,1534.0,47.0,1212.0,1,62,185
2024,12,842.0,-8.0,1053.0,-27.0,585.0,0,176,53
2024,11,1252.0,17.0,1600.0,5.0,846.0,13,228,70
2024,1,1616.0,1.0,1834.0,-16.0,945.0,13,85,119
2024,7,1819.0,4.0,2043.0,14.0,773.0,4,254,53
2024,8,1446.0,5.0,1559.0,15.0,91.0,10,12,48
2024,12,855.0,0.0,1036.0,-10.0,1900.0,4,15,190
2024,8,539.0,-1.0,822.0,-22.0,590.0,4,147,224
2024,3,603.0,-7.0,940.0,-14.0,1012.0,12,50,256
2024,11,1937.0,22.0,2127.0,32.0,546.0,13,61,249
2024,10,1121.0,-3.0,1224.0,-20.0,228.0,0,266,183
2024,12,1340.0,-6.0,1629.0,-7.0,630.0,4,199,224
2024,9,1837.0,-6.0,2002.0,-38.0,1965.0,4,51,241
2024,9,1309.0,49.0,1513.0,45.0,680.0,4,204,89
2024,10,659.0,-6.0,1010.0,-10.0,874.0,4,221,14
2024,7,920.0,28.0,1252.0,5.0,1005.0,12,50,191
2024,8,1419.0,1.0,1655.0,-8.0,2556.0,1,147,115
2024,6,1339.0,-5.0,1545.0,-10.0,642.0,8,76,65
2024,9,1732.0,-3.0,1928.0,-7.0,655.0,13,178,191
2024,4,924.0,4.0,1112.0,2.0,1105.0,13,85,51
2024,9,847.0,-3.0,1022.0,-28.0,2039.0,13,184,143
2024,11,1858.0,24.0,1955.0,8.0,153.0,4,97,14
2024,7,1848.0,7.0,2043.0,1.0,651.0,1,223,199
2024,4,2355.0,55.0,39.0,51.0,106.0,4,15,50
2024,7,1740.0,25.0,1757.0,22.0,872.0,13,18,199
2024,12,1146.0,6.0,1308.0,-7.0,852.0,13,105,181
2024,4,1106.0,-4.0,1223.0,-12.0,228.0,11,26,241
2024,6,607.0,7.0,1021.0,-14.0,1400.0,12,112,184
2024,11,1942.0,-8.0,2111.0,-32.0,550.0,12,199,228
2024,8,657.0,-3.0,831.0,-14.0,500.0,0,273,183
2024,6,1220.0,-5.0,1256.0,-8.0,102.0,7,142,115
2024,6,936.0,199.0,1147.0,167.0,861.0,9,192,191
2024,3,751.0,-9.0,1053.0,-3.0,2329.0,2,266,241
2024,4,1020.0,8.0,1211.0,6.0,547.0,1,232,48
2024,11,1924.0,-6.0,2050.0,-10.0,480.0,13,216,227
2024,6,1512.0,57.0,1602.0,46.0,155.0,11,67,61
2024,7,607.0,52.0,848.0,37.0,562.0,10,120,48
2024,3,551.0,-9.0,801.0,-23.0,302.0,4,165,14
2024,10,707.0,2.0,915.0,14.0,1891.0,1,204,199
2024,2,1050.0,-5.0,1240.0,-28.0,1535.0,4,161,154
2024,1,1808.0,97.0,2034.0,79.0,1042.0,4,18,169
2024,12,1642.0,-3.0,1800.0,-24.0,646.0,14,204,51
2024,10,1411.0,-4.0,1820.0,-10.0,824.0,13,258,64
2024,2,551.0,-9.0,655.0,-32.0,195.0,12,252,184
2024,3,935.0,15.0,1223.0,13.0,602.0,13,193,70
2024,5,819.0,-6.0,937.0,-8.0,418.0,13,180,192
2024,10,1110.0,-5.0,1408.0,-17.0,1085.0,12,177,166
2024,1,630.0,0.0,857.0,-9.0,944.0,4,184,183
2024,8,1652.0,-3.0,1828.0,-17.0,587.0,13,204,256
2024,12,1811.0,-4.0,1933.0,-24.0,866.0,11,181,224
2024,2,1448.0,-1.0,1559.0,4.0,237.0,1,62,262
2024,10,914.0,-8.0,1617.0,-3.0,1788.0,1,193,256
2024,10,553.0,-7.0,735.0,-19.0,547.0,4,266,14
2024,8,1636.0,7.0,2011.0,10.0,2586.0,1,176,228
2024,10,1659.0,-1.0,2000.0,21.0,448.0,0,22,14
2024,1,629.0,-6.0,705.0,-10.0,100.0,7,111,128
2024,7,1936.0,115.0,1959.0,85.0,416.0,11,44,51
2024,10,612.0,-2.0,902.0,-16.0,653.0,10,29,269
2024,4,2118.0,13.0,2248.0,6.0,409.0,11,50,181
2024,10,1407.0,-3.0,1657.0,9.0,1721.0,4,50,241
2024,11,824.0,-6.0,1130.0,-21.0,2565.0,12,177,228
2024,7,1306.0,16.0,1424.0,6.0,426.0,6,174,85
2024,6,1814.0,2.0,2018.0,-2.0,650.0,1,46,166
2024,5,842.0,1.0,1315.0,-17.0,1562.0,1,62,33
2024,7,1826.0,-7.0,2021.0,37.0,96.0,14,176,198
2024,10,838.0,-7.0,1130.0,-16.0,628.0,12,139,70
2024,7,1158.0,-2.0,1441.0,-9.0,611.0,13,50,19
2024,10,1241.0,-14.0,1536.0,-14.0,588.0,4,228,224
2024,8,554.0,-1.0,802.0,-8.0,829.0,13,254,61
2024,12,2322.0,172.0,238.0,184.0,946.0,9,33,14
2024,2,1741.0,31.0,1836.0,16.0,272.0,11,219,248
2024,12,602.0,2.0,728.0,8.0,337.0,13,58,19
2024,8,2250.0,45.0,130.0,32.0,937.0,9,177,191
2024,10,1820.0,0.0,2024.0,15.0,588.0,1,115,198
2024,4,832.0,2.0,1118.0,-7.0,704.0,13,50,185
2024,12,1705.0,6.0,1953.0,-7.0,1121.0,1,130,198
2024,8,2232.0,42.0,2344.0,34.0,345.0,13,139,213
2024,4,1053.0,-7.0,1234.0,1.0,402.0,11,219,111
2024,8,1230.0,-5.0,1722.0,2.0,1150.0,1,193,71
2024,9,702.0,-8.0,1056.0,-22.0,1182.0,12,50,89
2024,3,2028.0,-8.0,2137.0,-23.0,775.0,12,18,70
2024,5,2220.0,13.0,2333.0,3.0,299.0,14,266,61
2024,12,1201.0,90.0,1521.0,112.0,675.0,10,174,198
2024,5,1735.0,-5.0,2326.0,-27.0,1709.0,12,65,166
2024,1,1733.0,18.0,1859.0,4.0,849.0,13,184,116
2024,3,750.0,60.0,956.0,41.0,763.0,13,139,205
2024,1,1750.0,44.0,2003.0,23.0,873.0,2,185,205
2024,12,1508.0,-10.0,1817.0,29.0,1216.0,2,258,241
2024,4,1415.0,-5.0,1650.0,-5.0,413.0,12,50,200
2024,7,715.0,0.0,1007.0,-17.0,2084.0,4,84,224
2024,3,1211.0,116.0,1440.0,110.0,1246.0,13,20,116
2024,9,700.0,-6.0,834.0,-25.0,479.0,14,58,183
2024,11,805.0,-7.0,1121.0,-4.0,1041.0,3,176,237
2024,5,1115.0,0.0,1211.0,1.0,216.0,7,111,113
2024,12,1645.0,0.0,1757.0,-13.0,419.0,13,112,188
2024,9,2243.0,-2.0,7.0,-9.0,432.0,4,15,119
2024,5,1151.0,-10.0,1332.0,4.0,356.0,14,266,208
2024,7,1720.0,45.0,1847.0,37.0,1910.0,13,194,143
2024,10,2232.0,-8.0,9.0,-7.0,391.0,11,147,213
2024,7,1354.0,-1.0,1543.0,-12.0,632.0,4,67,33
2024,5,1932.0,36.0,1941.0,27.0,813.0,1,62,261
2024,7,745.0,40.0,1114.0,15.0,1119.0,1,62,89
2024,11,638.0,-11.0,1021.0,-9.0,1258.0,1,33,166
2024,3,700.0,1.0,914.0,-2.0,529.0,1,177,48
2024,9,1931.0,57.0,2039.0,40.0,731.0,1,15,65
2024,8,1833.0,28.0,2347.0,11.0,1440.0,12,193,51
2024,2,722.0,7.0,922.0,-25.0,1197.0,12,158,51
2024,4,1927.0,-3.0,2243.0,-6.0,2552.0,1,158,221
2024,11,719.0,4.0,931.0,13.0,1504.0,12,18,228
2024,7,2037.0,-1.0,2318.0,-29.0,599.0,1,50,48
2024,10,1844.0,4.0,2311.0,-19.0,1504.0,12,18,184
2024,6,1102.0,2.0,1205.0,-15.0,184.0,14,176,33
2024,5,859.0,-1.0,1143.0,-2.0,519.0,13,139,32
2024,3,1833.0,-20.0,2019.0,-36.0,151.0,4,113,14
2024,8,1611.0,1.0,1908.0,-12.0,794.0,13,65,226
2024,3,1643.0,23.0,1818.0,18.0,524.0,13,34,70
2024,9,2110.0,-15.0,2240.0,-25.0,406.0,14,192,61
2024,11,1347.0,-6.0,1502.0,-13.0,363.0,5,223,190
2024,3,1124.0,0.0,1347.0,63.0,120.0,11,72,70
2024,2,1145.0,-5.0,1323.0,-12.0,854.0,12,184,116
2024,2,1541.0,26.0,1654.0,29.0,599.0,4,219,228
2024,8,1305.0,5.0,2140.0,0.0,2475.0,4,147,183
2024,9,1812.0,117.0,2003.0,138.0,406.0,13,15,256
2024,6,628.0,-12.0,730.0,-30.0,655.0,11,7,51
2024,2,1029.0,-6.0,1115.0,-10.0,163.0,13,134,115
2024,12,1659.0,-1.0,1922.0,7.0,250.0,4,262,14
2024,7,728.0,-2.0,823.0,-7.0,1211.0,13,221,154
2024,11,1513.0,-1.0,1619.0,-11.0,258.0,8,50,249
2024,5,1242.0,2.0,1529.0,-11.0,770.0,13,65,249
2024,4,1602.0,18.0,1810.0,13.0,347.0,8,193,78
2024,9,1347.0,-10.0,1541.0,-11.0,547.0,10,266,14
2024,3,1227.0,-3.0,1357.0,-4.0,399.0,14,266,33
2024,2,2227.0,2.0,2313.0,-7.0,91.0,10,46,12
2024,9,2001.0,-4.0,2223.0,-8.0,1118.0,11,50,5
2024,7,2029.0,-6.0,2312.0,6.0,1754.0,4,33,70
2024,10,1856.0,-8.0,2021.0,-4.0,335.0,1,121,166
2024,9,1527.0,10.0,1700.0,-5.0,577.0,4,15,19
2024,2,1556.0,-3.0,1807.0,-13.0,1607.0,12,85,70
2024,7,1019.0,-9.0,1125.0,-23.0,674.0,11,62,76
2024,1,2052.0,-8.0,2314.0,-38.0,957.0,5,184,72
2024,11,922.0,22.0,1142.0,2.0,1726.0,12,50,233
2024,6,1854.0,4.0,2211.0,-9.0,853.0,12,222,70
2024,10,649.0,-11.0,1726.0,-59.0,3801.0,12,98,115
2024,6,1219.0,-5.0,1718.0,-3.0,1262.0,1,193,249
2024,11,1933.0,23.0,2201.0,16.0,1797.0,13,174,154
2024,12,645.0,0.0,742.0,-8.0,522.0,11,32,228
2024,11,819.0,-6.0,1025.0,-30.0,1214.0,4,67,226
2024,5,1328.0,478.0,1521.0,477.0,409.0,11,174,51
2024,6,704.0,-1.0,923.0,-2.0,883.0,13,267,19
2024,4,1825.0,0.0,1940.0,-22.0,463.0,11,94,224
2024,5,2037.0,-13.0,2221.0,-33.0,563.0,0,176,179
2024,6,2332.0,-8.0,758.0,-17.0,2565.0,12,223,184
2024,2,829.0,-7.0,926.0,-17.0,96.0,14,192,183
2024,10,658.0,-7.0,942.0,-27.0,1927.0,4,192,224
2024,4,1450.0,50.0,1910.0,45.0,1325.0,14,112,198
2024,6,1019.0,1.0,1123.0,-6.0,231.0,11,115,72
2024,6,1549.0,29.0,1730.0,21.0,438.0,11,244,51
2024,8,653.0,-2.0,852.0,-4.0,1061.0,1,204,65
2024,5,847.0,0.0,1143.0,4.0,1372.0,1,177,65
2024,5,1314.0,67.0,1454.0,65.0,1379.0,12,112,154
2024,10,1744.0,-7.0,1904.0,-11.0,298.0,1,252,269
2024,11,909.0,-4.0,1348.0,18.0,1389.0,1,62,183
2024,4,652.0,-8.0,821.0,-16.0,373.0,11,216,154
2024,4,750.0,-10.0,1626.0,-6.0,2475.0,1,147,183
2024,7,1853.0,-3.0,1947.0,-1.0,158.0,8,62,1
2024,7,1059.0,114.0,1306.0,114.0,752.0,8,51,33
2024,9,1842.0,7.0,2312.0,-3.0,1067.0,13,139,64
2024,1,1729.0,14.0,2011.0,8.0,501.0,11,88,224
2024,11,1347.0,-3.0,1531.0,-9.0,670.0,13,112,181
2024,5,556.0,-4.0,808.0,-11.0,1660.0,2,62,241
2024,6,1540.0,26.0,1625.0,17.0,106.0,4,48,14
2024,7,2230.0,122.0,39.0,110.0,1744.0,1,50,154
2024,3,1349.0,34.0,1606.0,31.0,1089.0,1,130,65
2024,4,1555.0,-8.0,1756.0,-11.0,660.0,14,115,183
2024,6,855.0,10.0,1033.0,-3.0,463.0,14,58,184
2024,3,1021.0,6.0,1145.0,5.0,349.0,13,161,51
2024,4,1213.0,-2.0,1306.0,-9.0,155.0,0,67,61
2024,9,1125.0,-5.0,1307.0,-8.0,991.0,5,65,205
2024,2,1257.0,17.0,1351.0,11.0,646.0,13,193,187
2024,2,701.0,-4.0,1044.0,-10.0,1172.0,12,62,269
2024,3,1527.0,12.0,1820.0,40.0,787.0,13,20,191
2024,11,1312.0,-3.0,1452.0,0.0,507.0,8,193,224
2024,4,2145.0,-10.0,17.0,-8.0,925.0,13,84,19
2024,4,2007.0,57.0,2310.0,54.0,2429.0,3,176,190
2024,4,1228.0,-1.0,1439.0,-24.0,659.0,11,176,155
2024,8,1856.0,-3.0,2128.0,-32.0,972.0,3,184,272
2024,8,2014.0,59.0,2210.0,75.0,472.0,13,20,45
2024,1,1229.0,-1.0,1405.0,-10.0,602.0,13,193,70
2024,2,1015.0,45.0,1220.0,53.0,581.0,9,15,89
2024,11,1125.0,5.0,1316.0,-13.0,1026.0,11,65,11
2024,4,1323.0,-9.0,1505.0,-15.0,613.0,6,51,123
2024,10,1736.0,6.0,1852.0,-3.0,349.0,13,50,169
2024,1,43.0,406.0,202.0,397.0,306.0,0,148,72
2024,11,708.0,-2.0,918.0,-12.0,834.0,13,184,200
2024,2,1350.0,-5.0,1935.0,-11.0,1703.0,12,65,89
2024,8,1649.0,-1.0,2050.0,-7.0,1208.0,12,112,269
2024,3,2033.0,-7.0,2130.0,-15.0,247.0,13,221,64
2024,4,831.0,-3.0,1116.0,-14.0,1069.0,3,84,183
2024,11,1809.0,-11.0,2032.0,-20.0,718.0,14,176,238
2024,5,1135.0,0.0,1624.0,-6.0,1262.0,13,193,249
2024,12,1043.0,44.0,1330.0,31.0,944.0,3,176,191
2024,11,2059.0,-5.0,2201.0,-14.0,212.0,11,65,97
2024,9,1401.0,-9.0,1517.0,-20.0,269.0,0,176,204
2024,4,2209.0,-5.0,2329.0,-12.0,909.0,2,236,127
2024,3,753.0,-7.0,1045.0,-10.0,632.0,13,50,211
2024,1,730.0,-9.0,914.0,-13.0,519.0,10,234,269
2024,7,30.0,115.0,159.0,96.0,413.0,10,46,107
2024,10,1027.0,-3.0,1347.0,-13.0,999.0,13,219,64
2024,3,706.0,-4.0,1234.0,5.0,1416.0,6,139,164
2024,1,1515.0,0.0,1614.0,-4.0,588.0,11,219,152
2024,2,1643.0,18.0,1859.0,15.0,1587.0,4,15,199
2024,2,1553.0,-2.0,1748.0,8.0,508.0,11,67,102
2024,9,1923.0,-4.0,2159.0,-24.0,1010.0,4,176,256
2024,11,1549.0,-11.0,1722.0,-25.0,864.0,8,121,51
2024,4,557.0,-3.0,738.0,-19.0,546.0,1,37,48
2024,11,520.0,-5.0,654.0,-6.0,1363.0,9,128,154
2024,11,1139.0,17.0,1403.0,12.0,399.0,2,236,32
2024,5,1943.0,3.0,2114.0,-4.0,571.0,2,9,127
2024,2,1703.0,14.0,1955.0,-10.0,1197.0,3,267,33
2024,1,809.0,-6.0,925.0,-20.0,813.0,1,62,261
2024,4,1054.0,-8.0,1158.0,-25.0,290.0,1,46,185
2024,9,1329.0,-1.0,1503.0,-12.0,546.0,13,61,249
2024,6,1048.0,-2.0,1154.0,-11.0,259.0,13,88,143
2024,11,1026.0,-4.0,1147.0,16.0,216.0,7,109,115
2024,4,701.0,-4.0,817.0,-8.0,387.0,13,216,152
2024,10,1352.0,-3.0,1605.0,-15.0,937.0,13,112,51
2024,6,1215.0,0.0,1328.0,-10.0,406.0,4,15,256
2024,7,1847.0,-6.0,2038.0,-22.0,585.0,0,51,183
2024,6,2157.0,-2.0,536.0,-30.0,2296.0,1,223,48
2024,12,1025.0,10.0,1329.0,13.0,978.0,2,228,241
2024,9,1059.0,-6.0,1210.0,-10.0,296.0,13,38,229
2024,10,1513.0,-7.0,1705.0,-29.0,645.0,14,177,119
2024,1,1748.0,-7.0,1947.0,-32.0,640.0,14,33,61
2024,2,2040.0,42.0,2356.0,36.0,871.0,12,112,53
2024,4,2056.0,-3.0,13.0,25.0,495.0,11,65,188
2024,9,1445.0,-5.0,1624.0,-19.0,481.0,10,46,7
2024,8,820.0,-5.0,954.0,-15.0,534.0,4,15,269
2024,8,1431.0,6.0,1908.0,2.0,1400.0,12,112,184
2024,7,1354.0,86.0,1609.0,78.0,1620.0,12,176,70
2024,7,1931.0,51.0,2157.0,52.0,787.0,13,20,191
2024,8,1117.0,67.0,1432.0,56.0,896.0,12,65,168
2024,10,1005.0,0.0,1116.0,21.0,437.0,10,46,193
2024,8,1433.0,-2.0,1602.0,-3.0,471.0,13,175,181
2024,2,1010.0,-8.0,1250.0,-18.0,1056.0,3,267,272
2024,8,1049.0,-4.0,1314.0,4.0,666.0,5,192,14
2024,7,1823.0,38.0,2009.0,44.0,586.0,13,61,189
2024,6,1833.0,18.0,1921.0,1.0,601.0,13,266,51
2024,5,1447.0,-12.0,1706.0,-9.0,817.0,2,199,40
2024,4,1750.0,20.0,2100.0,42.0,2306.0,12,266,241
2024,10,1648.0,-11.0,1821.0,-26.0,419.0,0,176,55
2024,3,456.0,-5.0,752.0,-12.0,641.0,5,65,65
2024,4,1440.0,0.0,1611.0,8.0,451.0,11,147,261
2024,4,1955.0,-4.0,2207.0,-20.0,760.0,4,15,183
2024,9,1354.0,14.0,1447.0,7.0,616.0,13,184,181
2024,5,2114.0,133.0,2231.0,110.0,403.0,1,50,131
2024,8,1456.0,11.0,1726.0,-2.0,901.0,3,33,238
2024,5,854.0,-5.0,1030.0,8.0,808.0,1,46,131
2024,4,1736.0,-7.0,2319.0,-11.0,1620.0,12,65,183
2024,12,720.0,-5.0,756.0,-9.0,235.0,11,67,51
2024,4,905.0,-1.0,1322.0,-19.0,872.0,1,193,17
2024,7,1029.0,-6.0,1213.0,0.0,462.0,12,223,26
2024,8,658.0,-2.0,939.0,-10.0,1010.0,4,176,256
2024,5,805.0,-5.0,839.0,-11.0,479.0,13,184,29
2024,1,1811.0,-12.0,1951.0,2.0,295.0,11,136,65
2024,8,1523.0,-2.0,1703.0,-24.0,559.0,11,50,223
2024,4,609.0,9.0,732.0,-3.0,337.0,12,223,154
2024,7,1546.0,6.0,1653.0,1.0,230.0,11,65,42
2024,8,1247.0,-6.0,1414.0,-5.0,356.0,10,266,208
2024,4,858.0,-1.0,1154.0,-11.0,726.0,0,161,200
2024,11,1327.0,2.0,1633.0,-5.0,775.0,12,65,17
2024,7,1455.0,-6.0,1621.0,-24.0,482.0,1,266,204
2024,2,1717.0,-11.0,1831.0,-11.0,562.0,14,266,181
2024,1,1226.0,-1.0,1444.0,21.0,406.0,10,151,269
2024,10,1007.0,-3.0,1138.0,-11.0,449.0,1,46,198
2024,9,1351.0,-4.0,1442.0,-13.0,148.0,13,18,116
2024,12,516.0,-4.0,713.0,-17.0,645.0,14,115,184
2024,4,2113.0,0.0,2305.0,-21.0,1068.0,1,158,249
2024,6,2144.0,-7.0,2340.0,-19.0,679.0,2,223,241
2024,5,1613.0,-7.0,1651.0,-14.0,100.0,13,111,128
2024,2,1654.0,-1.0,1912.0,-3.0,304.0,13,222,199
2024,8,1827.0,-10.0,2021.0,26.0,237.0,1,259,65
2024,10,2331.0,96.0,36.0,94.0,680.0,4,161,70
2024,6,857.0,-3.0,1040.0,-4.0,451.0,14,266,155
2024,10,1515.0,-1.0,1824.0,65.0,773.0,4,51,256
2024,3,652.0,-8.0,836.0,-17.0,719.0,8,177,51
2024,6,842.0,-3.0,934.0,-7.0,95.0,0,67,55
2024,1,1113.0,5.0,1419.0,-1.0,1035.0,4,176,270
2024,10,725.0,-10.0,1018.0,-8.0,925.0,12,50,116
2024,7,655.0,-5.0,824.0,-21.0,399.0,3,33,269
2024,11,1116.0,1.0,1223.0,-22.0,725.0,13,176,51
2024,9,1848.0,-12.0,2149.0,-11.0,696.0,4,112,14
2024,10,1442.0,-4.0,1555.0,-14.0,773.0,11,62,97
2024,6,1255.0,-6.0,1315.0,-18.0,316.0,8,52,51
2024,8,2152.0,157.0,12.0,148.0,359.0,11,65,8
2024,6,1607.0,32.0,1711.0,41.0,604.0,13,54,143
2024,11,525.0,-3.0,848.0,-16.0,1562.0,1,33,65
2024,11,621.0,-4.0,838.0,-32.0,842.0,13,20,256
2024,7,1809.0,15.0,2151.0,1.0,1095.0,1,221,48
2024,1,1930.0,-10.0,2153.0,-2.0,726.0,11,26,154
2024,6,2032.0,32.0,2303.0,20.0,1874.0,12,112,241
2024,2,651.0,1.0,830.0,10.0,883.0,13,112,70
2024,1,801.0,31.0,933.0,22.0,447.0,12,222,228
2024,11,1111.0,1.0,1346.0,-12.0,1068.0,3,85,184
2024,12,946.0,-13.0,1247.0,-2.0,2248.0,3,176,143
2024,10,1644.0,-1.0,1747.0,2.0,616.0,13,184,181
2024,2,1635.0,-5.0,2000.0,-20.0,1103.0,8,18,166
2024,9,1322.0,-8.0,1632.0,-10.0,674.0,10,166,48
2024,9,2033.0,26.0,2158.0,5.0,397.0,14,50,75
2024,8,1652.0,-8.0,1757.0,-7.0,604.0,11,162,70
2024,3,1749.0,-6.0,2041.0,-18.0,707.0,14,150,269
2024,8,522.0,-3.0,802.0,2.0,2402.0,1,192,154
2024,6,1957.0,-2.0,2145.0,-9.0,594.0,4,15,72
2024,12,1530.0,75.0,1822.0,119.0,1050.0,12,232,51
2024,7,1257.0,2.0,1434.0,-6.0,988.0,6,177,266
2024,5,2237.0,-3.0,2337.0,-22.0,192.0,11,223,213
2024,3,627.0,-3.0,857.0,1.0,945.0,6,247,258
2024,8,915.0,94.0,1052.0,93.0,416.0,0,204,184
2024,7,1842.0,2.0,1948.0,-2.0,296.0,13,144,249
2024,11,1744.0,-11.0,2010.0,-3.0,696.0,11,236,229
2024,7,2014.0,34.0,2132.0,27.0,917.0,13,254,64
2024,6,2110.0,0.0,2220.0,-10.0,390.0,13,216,190
2024,4,547.0,-13.0,827.0,-33.0,675.0,1,174,198
2024,10,1330.0,-5.0,1655.0,-13.0,1597.0,12,33,116
2024,9,1248.0,-2.0,1424.0,14.0,358.0,13,38,221
2024,12,616.0,-4.0,712.0,-12.0,157.0,14,178,269
2024,2,1124.0,-1.0,1244.0,-6.0,423.0,13,182,51
2024,9,1210.0,0.0,1954.0,-21.0,2417.0,13,111,229
2024,4,2016.0,86.0,2226.0,95.0,651.0,1,223,199
2024,6,1632.0,-3.0,1902.0,22.0,786.0,13,221,249
2024,3,2256.0,46.0,26.0,59.0,377.0,4,15,275
2024,7,917.0,17.0,926.0,10.0,843.0,1,221,199
2024,11,1900.0,8.0,1958.0,-7.0,192.0,1,184,166
2024,9,1717.0,-4.0,1818.0,3.0,423.0,11,143,70
2024,7,720.0,20.0,948.0,23.0,1709.0,2,246,241
2024,7,1110.0,5.0,1300.0,8.0,531.0,11,219,130
2024,2,2051.0,1.0,2312.0,-13.0,822.0,13,174,226
2024,11,1623.0,-2.0,1847.0,-19.0,1773.0,1,46,199
2024,4,624.0,-1.0,823.0,-17.0,1182.0,13,158,51
2024,10,1847.0,-10.0,1912.0,-19.0,872.0,1,18,199
2024,1,1439.0,-6.0,1717.0,-15.0,1183.0,3,176,182
2024,9,1622.0,-3.0,1731.0,-14.0,390.0,13,183,221
2024,9,2109.0,-1.0,2322.0,2.0,1143.0,1,158,226
2024,8,1034.0,-11.0,1310.0,-10.0,899.0,3,266,89
2024,4,1844.0,14.0,2007.0,2.0,404.0,13,184,14
2024,6,1157.0,14.0,1418.0,18.0,679.0,12,236,228
2024,9,1558.0,29.0,1646.0,21.0,611.0,5,20,51
2024,8,722.0,-8.0,825.0,-20.0,689.0,12,15,116
2024,12,921.0,1.0,1448.0,-2.0,1618.0,13,139,29
2024,4,837.0,-8.0,1102.0,-21.0,1009.0,11,199,199
2024,8,610.0,0.0,855.0,-2.0,1062.0,5,52,89
2024,3,1901.0,0.0,2110.0,-10.0,811.0,12,254,269
2024,10,916.0,122.0,1052.0,115.0,888.0,12,50,70
2024,11,626.0,-4.0,717.0,-15.0,160.0,11,276,199
2024,8,1252.0,15.0,1655.0,2.0,1332.0,8,164,51
2024,5,817.0,-3.0,942.0,-7.0,309.0,8,62,167
2024,2,643.0,-12.0,1004.0,-9.0,674.0,10,166,48
2024,9,1251.0,6.0,1435.0,-5.0,655.0,13,184,185
2024,7,1827.0,-3.0,2247.0,-18.0,1400.0,12,112,184
2024,6,1110.0,-5.0,1318.0,-9.0,679.0,2,223,241
2024,7,2241.0,-4.0,25.0,-15.0,1587.0,13,174,143
2024,7,754.0,0.0,905.0,-5.0,237.0,1,259,65
2024,6,1026.0,89.0,1312.0,81.0,1166.0,3,37,89
2024,10,100.0,-5.0,500.0,-22.0,1608.0,12,225,184
2024,4,1458.0,-7.0,1610.0,-15.0,319.0,13,159,64
2024,3,1854.0,-6.0,1945.0,-20.0,188.0,13,207,229
2024,3,540.0,-5.0,705.0,-20.0,409.0,13,50,181
2024,6,1512.0,11.0,1633.0,-12.0,331.0,1,266,48
2024,10,1254.0,-6.0,1503.0,-9.0,1119.0,9,84,65
2024,2,603.0,3.0,803.0,-6.0,680.0,3,204,89
2024,4,1429.0,-5.0,1504.0,-4.0,328.0,10,46,181
2024,7,1249.0,-1.0,1402.0,-8.0,776.0,13,105,51
2024,6,1131.0,-3.0,1413.0,-18.0,1097.0,4,221,169
2024,4,1127.0,-8.0,1621.0,-9.0,1216.0,13,139,71
2024,2,1909.0,39.0,2032.0,51.0,734.0,6,227,81
2024,12,556.0,-6.0,727.0,-1.0,247.0,8,112,65
2024,12,2029.0,-6.0,2156.0,1.0,358.0,13,216,40
2024,12,1247.0,0.0,1620.0,-10.0,931.0,11,226,70
2024,12,1419.0,-6.0,2131.0,-4.0,2398.0,12,111,228
2024,3,623.0,-12.0,729.0,-22.0,157.0,10,172,48
2024,3,1644.0,-1.0,1814.0,3.0,214.0,14,176,269
2024,6,1232.0,-7.0,1416.0,-1.0,444.0,4,232,14
2024,3,708.0,-7.0,1003.0,-22.0,946.0,4,33,14
2024,2,707.0,-3.0,832.0,-8.0,430.0,13,51,19
2024,5,700.0,-10.0,905.0,-15.0,636.0,3,176,45
2024,12,1434.0,-3.0,1607.0,7.0,1205.0,1,62,233
2024,12,629.0,-1.0,740.0,-15.0,214.0,14,176,269
2024,6,2347.0,54.0,611.0,38.0,1590.0,9,139,119
2024,4,58.0,11.0,441.0,21.0,967.0,5,223,70
2024,1,2302.0,92.0,111.0,156.0,239.0,13,112,64
2024,7,2117.0,2.0,2249.0,-11.0,2078.0,1,46,190
2024,1,1200.0,0.0,1459.0,2.0,1005.0,4,176,256
2024,1,2206.0,36.0,710.0,35.0,2979.0,1,142,199
2024,10,1639.0,-6.0,1739.0,-13.0,692.0,4,15,131
2024,6,1337.0,62.0,1833.0,50.0,1235.0,1,147,65
2024,11,600.0,-5.0,842.0,2.0,1053.0,13,254,39
2024,8,1342.0,-3.0,1604.0,-10.0,472.0,12,65,189
2024,9,2145.0,-5.0,2251.0,1.0,197.0,13,139,190
2024,11,1041.0,-9.0,1208.0,8.0,199.0,11,206,228
2024,2,1505.0,5.0,1639.0,-6.0,602.0,13,193,70
2024,6,1757.0,-2.0,1940.0,-17.0,2116.0,4,15,229
2024,3,710.0,-3.0,1052.0,3.0,980.0,4,161,198
2024,12,1832.0,2.0,1937.0,12.0,216.0,7,111,113
2024,1,2238.0,3.0,20.0,4.0,515.0,4,15,90
2024,8,949.0,-6.0,1241.0,-10.0,692.0,4,128,14
2024,8,1330.0,-3.0,1439.0,-11.0,255.0,1,139,199
2024,11,1023.0,-6.0,1224.0,25.0,387.0,11,38,236
2024,5,1604.0,-11.0,2050.0,-2.0,1069.0,9,139,226
2024,12,848.0,-7.0,837.0,-22.0,147.0,0,15,177
2024,11,2117.0,17.0,2246.0,23.0,363.0,12,223,190
2024,9,2248.0,18.0,552.0,4.0,1997.0,4,88,14
2024,8,2045.0,0.0,2147.0,-8.0,293.0,13,61,156
2024,7,1328.0,-2.0,1608.0,0.0,1721.0,12,50,241
2024,10,1301.0,-8.0,1539.0,-25.0,946.0,5,20,166
2024,9,1201.0,-7.0,1438.0,-11.0,951.0,1,267,198
2024,10,1312.0,2.0,1643.0,8.0,862.0,13,147,70
2024,1,1814.0,81.0,2037.0,98.0,762.0,3,15,183
2024,1,2154.0,-1.0,2229.0,-9.0,484.0,4,15,249
2024,3,656.0,-4.0,812.0,-13.0,361.0,13,46,19
2024,2,2157.0,-5.0,603.0,-11.0,2496.0,3,236,33
2024,4,1753.0,-7.0,1954.0,-25.0,660.0,14,176,119
2024,1,1930.0,240.0,2150.0,215.0,1111.0,13,254,108
2024,12,1427.0,-5.0,1528.0,-12.0,177.0,10,46,135
2024,12,1156.0,12.0,1358.0,19.0,547.0,1,232,48
2024,6,2113.0,58.0,2341.0,56.0,1838.0,13,50,229
2024,4,1519.0,-6.0,1943.0,-5.0,1416.0,4,161,90
2024,6,1244.0,-1.0,1540.0,2.0,925.0,12,50,116
2024,8,952.0,-8.0,1228.0,-8.0,1009.0,2,193,205
2024,5,1351.0,-4.0,1747.0,-13.0,1195.0,4,219,116
2024,7,1825.0,-5.0,2140.0,-2.0,1096.0,1,176,166
2024,6,1607.0,27.0,1934.0,30.0,1185.0,4,33,256
2024,9,1012.0,-8.0,1103.0,-22.0,259.0,13,246,71
2024,3,1415.0,25.0,1614.0,-32.0,1620.0,3,176,70
2024,4,1536.0,197.0,1917.0,215.0,835.0,8,205,65
2024,11,1135.0,2.0,1653.0,-25.0,1605.0,12,65,184
2024,9,554.0,14.0,1146.0,34.0,1464.0,1,223,65
2024,7,953.0,-8.0,1239.0,-12.0,588.0,4,228,224
2024,12,1809.0,10.0,1927.0,-9.0,813.0,4,15,17
2024,6,1202.0,-8.0,1315.0,-10.0,314.0,11,88,227
2024,6,1006.0,-4.0,1242.0,-11.0,483.0,11,65,243
2024,12,545.0,0.0,1059.0,-3.0,1379.0,12,147,116
2024,6,1827.0,82.0,1924.0,89.0,533.0,13,128,70
2024,4,843.0,-2.0,939.0,-6.0,148.0,13,18,116
2024,1,844.0,-1.0,956.0,-1.0,300.0,4,15,94
2024,5,829.0,-3.0,1013.0,2.0,388.0,14,266,53
2024,2,736.0,-7.0,934.0,-21.0,693.0,11,181,51
2024,10,1728.0,-7.0,1940.0,2.0,985.0,1,184,65
2024,7,855.0,0.0,1028.0,3.0,480.0,13,216,227
2024,6,858.0,-2.0,1011.0,-23.0,861.0,12,85,116
2024,1,953.0,-7.0,1144.0,-19.0,547.0,4,266,14
2024,10,726.0,-4.0,839.0,-21.0,386.0,13,139,229
2024,2,1527.0,-3.0,1914.0,-14.0,1930.0,4,225,72
2024,7,1108.0,-7.0,1245.0,6.0,356.0,4,15,211
2024,10,1336.0,-4.0,1429.0,-1.0,100.0,13,125,115
2024,6,1724.0,86.0,1915.0,72.0,604.0,1,189,65
2024,12,1943.0,-4.0,2116.0,-9.0,393.0,14,177,20
2024,3,2116.0,-9.0,2255.0,-10.0,500.0,14,115,269
2024,2,827.0,-3.0,1133.0,-10.0,2419.0,12,266,228
2024,10,1545.0,-4.0,1721.0,-11.0,508.0,11,15,92
2024,2,1614.0,-5.0,1953.0,13.0,868.0,1,193,65
2024,7,1559.0,0.0,1802.0,-3.0,712.0,4,37,14
2024,9,1753.0,-2.0,2322.0,1.0,1491.0,12,65,19
2024,9,953.0,-7.0,1452.0,-13.0,1312.0,6,193,196
2024,10,914.0,8.0,1102.0,36.0,221.0,10,46,46
2024,9,1435.0,15.0,1638.0,13.0,670.0,13,174,116
2024,2,1137.0,-11.0,1410.0,-4.0,829.0,9,184,119
2024,2,903.0,-7.0,1055.0,-40.0,802.0,13,58,191
2024,2,1635.0,-6.0,1900.0,-15.0,486.0,9,139,5
2024,1,933.0,4.0,1252.0,16.0,1076.0,3,176,89
2024,11,1433.0,-7.0,1600.0,-16.0,391.0,12,219,70
2024,5,1822.0,2.0,2112.0,15.0,323.0,8,50,147
2024,8,1634.0,79.0,1741.0,108.0,460.0,1,46,266
2024,8,1302.0,-8.0,1515.0,-29.0,802.0,12,50,65
2024,12,1700.0,-7.0,1809.0,-4.0,204.0,1,158,256
2024,2,1256.0,-4.0,1414.0,-16.0,371.0,13,228,187
2024,11,500.0,-10.0,738.0,-20.0,630.0,4,199,224
2024,7,1953.0,58.0,41.0,46.0,1252.0,11,193,43
2024,10,1446.0,-12.0,1704.0,-29.0,1342.0,4,232,169
2024,9,1156.0,-4.0,1246.0,-4.0,600.0,6,51,266
2024,5,1121.0,21.0,1446.0,86.0,834.0,13,184,200
2024,10,2058.0,-10.0,2250.0,-17.0,661.0,6,84,12
2024,7,1850.0,50.0,2208.0,68.0,1179.0,3,184,203
2024,5,1609.0,24.0,1817.0,24.0,696.0,2,236,229
2024,6,1156.0,-4.0,1403.0,-12.0,787.0,13,20,191
2024,7,1647.0,-1.0,1858.0,-5.0,594.0,4,158,14
2024,10,1716.0,-4.0,2022.0,-18.0,895.0,13,65,51
2024,9,1131.0,31.0,1423.0,31.0,1389.0,1,176,65
2024,4,1506.0,156.0,1823.0,158.0,1197.0,4,267,33
2024,9,859.0,-1.0,1136.0,-14.0,1185.0,6,203,4
2024,1,1930.0,-5.0,2054.0,-14.0,308.0,11,224,154
2024,1,1841.0,58.0,2342.0,30.0,1506.0,12,65,256
2024,12,1340.0,-5.0,1507.0,-26.0,399.0,14,266,33
2024,2,1028.0,3.0,1258.0,-10.0,933.0,2,222,205
2024,7,943.0,-9.0,1039.0,-19.0,130.0,1,204,48
2024,12,1442.0,-3.0,1736.0,3.0,1111.0,3,254,108
2024,8,2042.0,-6.0,2152.0,-8.0,300.0,12,65,212
2024,7,1831.0,31.0,1939.0,29.0,196.0,11,161,243
2024,11,1504.0,4.0,1837.0,4.0,2611.0,3,33,154
2024,5,1158.0,36.0,1452.0,22.0,782.0,4,271,14
2024,7,2318.0,18.0,709.0,7.0,2218.0,12,147,191
2024,12,1556.0,-4.0,1804.0,8.0,427.0,0,176,211
2024,9,2028.0,-1.0,2142.0,-3.0,314.0,11,222,93
2024,6,703.0,3.0,940.0,3.0,920.0,1,254,198
2024,3,1207.0,7.0,1354.0,-1.0,934.0,13,232,64
2024,8,654.0,-6.0,901.0,-1.0,636.0,0,43,183
2024,3,1631.0,6.0,1753.0,-12.0,849.0,13,184,116
2024,8,1505.0,-5.0,1625.0,-10.0,399.0,13,20,179
2024,9,942.0,162.0,2057.0,152.0,3801.0,12,98,115
2024,1,1707.0,47.0,1933.0,23.0,977.0,13,50,17
2024,2,1635.0,0.0,1711.0,-4.0,479.0,13,184,29
2024,7,600.0,0.0,822.0,-13.0,954.0,13,24,143
2024,10,623.0,-7.0,926.0,-6.0,678.0,1,50,198
2024,3,849.0,49.0,1208.0,111.0,1984.0,5,254,143
2024,12,1319.0,-1.0,1414.0,-17.0,628.0,5,65,143
2024,4,1739.0,4.0,1929.0,-2.0,598.0,11,193,176
2024,7,1839.0,39.0,1955.0,34.0,731.0,4,15,65
2024,9,1131.0,-4.0,1400.0,-10.0,2398.0,2,223,115
2024,9,1625.0,2.0,1935.0,-9.0,862.0,8,62,102
2024,7,945.0,-5.0,1028.0,-22.0,153.0,4,15,102
2024,2,749.0,-11.0,1115.0,-12.0,1006.0,6,193,85
2024,2,714.0,-1.0,933.0,-13.0,746.0,4,177,14
2024,5,926.0,5.0,1504.0,35.0,1171.0,1,222,65
2024,11,1815.0,10.0,2233.0,-7.0,1067.0,13,139,64
2024,6,1002.0,2.0,1054.0,-11.0,239.0,13,112,64
2024,2,553.0,-7.0,845.0,-14.0,689.0,4,112,14
2024,3,1753.0,-10.0,1816.0,-10.0,240.0,11,63,51
2024,7,758.0,-2.0,1102.0,-8.0,814.0,13,246,198
2024,7,1826.0,46.0,2130.0,102.0,529.0,1,177,48
2024,8,1832.0,32.0,2107.0,10.0,992.0,9,192,89
2024,9,1312.0,-13.0,1444.0,-20.0,369.0,14,33,19
2024,10,1018.0,0.0,1130.0,-7.0,190.0,8,237,65
2024,12,955.0,0.0,1436.0,21.0,1547.0,4,15,230
2024,3,558.0,-2.0,856.0,3.0,1053.0,5,184,254
2024,11,737.0,37.0,940.0,45.0,529.0,12,46,184
2024,12,2036.0,51.0,2206.0,44.0,460.0,1,62,131
2024,7,2041.0,534.0,2159.0,522.0,373.0,4,51,14
2024,6,1612.0,8.0,1634.0,0.0,368.0,9,219,143
2024,11,1633.0,1.0,1829.0,7.0,569.0,11,199,229
2024,8,1034.0,9.0,1614.0,-11.0,1750.0,13,147,51
2024,2,653.0,43.0,911.0,41.0,328.0,1,174,48
2024,2,1740.0,-5.0,1918.0,-17.0,431.0,0,204,183
2024,7,2319.0,104.0,57.0,97.0,623.0,13,61,181
2024,4,452.0,-9.0,740.0,4.0,879.0,5,51,90
2024,10,1548.0,-7.0,1659.0,-11.0,226.0,13,228,143
2024,7,1108.0,-2.0,1224.0,2.0,290.0,4,219,32
2024,7,1231.0,-4.0,1417.0,-13.0,1481.0,4,67,224
2024,7,858.0,-2.0,1801.0,7.0,2475.0,4,147,183
2024,11,624.0,24.0,804.0,5.0,605.0,14,93,184
2024,2,1001.0,-14.0,1135.0,-17.0,489.0,0,67,4
2024,11,1632.0,-3.0,1846.0,-24.0,1208.0,12,266,116
2024,12,2313.0,-3.0,501.0,3.0,1754.0,3,65,33
2024,8,1312.0,2.0,1438.0,-7.0,386.0,13,139,229
2024,7,827.0,-3.0,1116.0,-4.0,937.0,12,177,191
2024,3,1132.0,0.0,1832.0,-8.0,1892.0,4,222,14
2024,6,926.0,8.0,1016.0,3.0,1055.0,9,62,143
2024,8,657.0,-8.0,926.0,-10.0,852.0,9,16,191
2024,6,2037.0,41.0,2144.0,30.0,1242.0,1,18,154
2024,4,708.0,-7.0,912.0,-13.0,214.0,4,174,14
2024,8,2158.0,18.0,2240.0,10.0,121.0,13,20,214
2024,1,734.0,-6.0,1139.0,10.0,1008.0,12,161,184
2024,1,550.0,-10.0,833.0,-28.0,1076.0,3,176,89
2024,9,713.0,-7.0,834.0,-11.0,369.0,13,20,33
2024,5,804.0,-6.0,1018.0,-17.0,472.0,13,65,189
2024,5,2148.0,65.0,2240.0,50.0,130.0,1,204,48
2024,8,739.0,-4.0,928.0,-20.0,634.0,10,266,123
2024,4,1654.0,-8.0,1926.0,-29.0,2269.0,2,84,227
2024,11,2132.0,1.0,2336.0,-13.0,802.0,9,184,61
2024,6,1424.0,-5.0,1545.0,-16.0,431.0,8,62,159
2024,5,659.0,-1.0,1032.0,-10.0,1085.0,4,161,179
2024,8,601.0,-2.0,1110.0,-7.0,1345.0,1,207,65
2024,2,1226.0,-6.0,1403.0,-15.0,490.0,8,62,57
2024,6,1235.0,-5.0,1428.0,-18.0,610.0,14,176,102
2024,6,1644.0,-1.0,1812.0,2.0,1773.0,1,46,199
2024,7,1845.0,0.0,2057.0,2.0,679.0,2,236,228
2024,11,733.0,-2.0,940.0,-25.0,2239.0,4,204,154
2024,7,457.0,-3.0,642.0,-18.0,624.0,1,66,65
2024,11,1237.0,3.0,1402.0,-3.0,457.0,0,15,49
2024,11,950.0,45.0,1150.0,41.0,650.0,1,46,166
2024,6,522.0,-8.0,815.0,-18.0,689.0,4,236,224
2024,1,1911.0,-10.0,2105.0,-24.0,569.0,14,51,184
2024,8,1814.0,-5.0,2007.0,-31.0,818.0,14,115,33
2024,8,1538.0,-1.0,1649.0,29.0,484.0,4,15,249
2024,4,1406.0,73.0,1659.0,69.0,997.0,12,177,256
2024,5,2026.0,331.0,2242.0,327.0,804.0,13,182,116
2024,7,1343.0,-2.0,1612.0,-8.0,945.0,13,85,119
2024,4,1216.0,-9.0,1337.0,-23.0,345.0,13,139,213
2024,1,1657.0,-3.0,1952.0,-9.0,1035.0,3,176,270
2024,12,1857.0,37.0,2109.0,22.0,879.0,5,51,90
2024,1,1622.0,29.0,1732.0,38.0,551.0,5,184,182
2024,6,844.0,-6.0,1717.0,21.0,2300.0,1,193,33
2024,10,1729.0,4.0,1940.0,-11.0,834.0,4,147,205
2024,7,1902.0,3.0,2117.0,-16.0,1448.0,2,236,9
2024,1,800.0,20.0,1018.0,-8.0,1247.0,4,160,224
2024,1,1505.0,0.0,1630.0,-8.0,356.0,4,204,14
2024,3,1759.0,34.0,2133.0,43.0,973.0,13,61,191
2024,12,1744.0,1.0,2021.0,-13.0,1849.0,1,184,199
2024,4,1027.0,-5.0,1138.0,-21.0,292.0,14,208,183
2024,8,1907.0,-7.0,2235.0,-9.0,846.0,11,62,244
2024,12,754.0,-5.0,1002.0,-36.0,762.0,4,176,14
2024,9,2111.0,-4.0,2227.0,18.0,175.0,11,219,263
2024,6,1547.0,32.0,2055.0,31.0,1222.0,12,139,116
2024,2,1349.0,-6.0,1540.0,-20.0,757.0,4,51,191
2024,6,1245.0,0.0,1601.0,-14.0,948.0,13,224,70
2024,2,1058.0,-8.0,1135.0,-10.0,455.0,1,193,234
2024,9,1252.0,108.0,1338.0,100.0,575.0,1,46,249
2024,4,823.0,83.0,1126.0,96.0,2486.0,13,147,128
2024,7,1229.0,20.0,1703.0,62.0,1117.0,12,112,200
2024,8,1037.0,-3.0,1342.0,-18.0,853.0,13,222,70
2024,8,1750.0,0.0,1854.0,7.0,528.0,4,67,169
2024,11,1255.0,0.0,1407.0,-19.0,337.0,12,223,154
2024,4,2024.0,4.0,2338.0,-6.0,926.0,1,62,61
2024,7,2134.0,14.0,2257.0,5.0,909.0,12,65,221
2024,1,554.0,-11.0,718.0,-41.0,1379.0,4,112,154
2024,10,1352.0,-8.0,2006.0,-9.0,1723.0,12,222,51
2024,4,1755.0,-5.0,1927.0,-23.0,649.0,13,32,70
2024,4,1839.0,32.0,17.0,21.0,1546.0,5,65,191
2024,2,1745.0,10.0,1835.0,-2.0,601.0,11,193,213
2024,4,1035.0,-11.0,1134.0,-25.0,594.0,11,104,51
2024,5,757.0,2.0,1314.0,-21.0,1557.0,13,222,249
2024,10,1212.0,-9.0,1344.0,-14.0,1379.0,9,112,154
2024,6,1423.0,-2.0,1554.0,-25.0,524.0,12,34,70
2024,4,924.0,114.0,1120.0,107.0,557.0,11,79,51
2024,8,709.0,-11.0,952.0,-26.0,588.0,4,228,224
2024,10,800.0,-5.0,942.0,-13.0,621.0,13,224,199
2024,10,1515.0,40.0,1550.0,23.0,73.0,11,65,56
2024,6,735.0,-10.0,913.0,2.0,393.0,3,84,255
2024,6,1150.0,-5.0,1444.0,-7.0,562.0,14,174,269
2024,12,1005.0,5.0,1108.0,-11.0,130.0,11,50,196
2024,4,945.0,6.0,1125.0,-4.0,665.0,6,13,232
2024,4,717.0,-8.0,915.0,-9.0,712.0,5,15,39
2024,1,2248.0,98.0,115.0,79.0,946.0,1,158,19
2024,10,1746.0,-3.0,1948.0,-12.0,589.0,14,51,183
2024,11,1139.0,1.0,1303.0,-13.0,366.0,1,46,200
2024,7,825.0,-4.0,1324.0,-5.0,1391.0,1,62,183
2024,8,1231.0,1.0,1603.0,0.0,955.0,12,175,269
2024,11,1643.0,-2.0,1901.0,16.0,1000.0,13,58,116
2024,11,1031.0,-4.0,1134.0,-25.0,187.0,14,33,183
2024,7,1026.0,-4.0,1305.0,-5.0,2402.0,1,192,154
2024,4,1637.0,-5.0,1918.0,-22.0,599.0,1,50,48
2024,9,1255.0,-3.0,1448.0,4.0,507.0,10,51,198
2024,12,1301.0,1.0,2147.0,22.0,2565.0,12,223,184
2024,3,1455.0,26.0,1728.0,-6.0,993.0,9,192,90
2024,5,2204.0,4.0,2221.0,23.0,147.0,11,15,177
2024,6,1014.0,59.0,1354.0,56.0,985.0,1,62,191
2024,11,710.0,10.0,835.0,18.0,224.0,12,62,116
2024,8,726.0,-4.0,1126.0,-6.0,1208.0,12,112,269
2024,10,1848.0,-7.0,2025.0,-18.0,501.0,11,206,154
2024,4,1137.0,-9.0,1404.0,-6.0,850.0,6,203,53
2024,5,1702.0,82.0,1941.0,161.0,1199.0,13,15,70
2024,7,648.0,-7.0,829.0,-32.0,1005.0,1,184,51
2024,7,1217.0,-8.0,1601.0,-21.0,1598.0,4,176,230
2024,8,632.0,-4.0,801.0,-14.0,860.0,0,252,169
2024,11,2258.0,-2.0,14.0,-7.0,347.0,4,219,34
2024,6,820.0,-5.0,942.0,-8.0,397.0,13,216,143
2024,11,625.0,-5.0,813.0,18.0,417.0,13,224,227
2024,9,1420.0,-6.0,1935.0,2.0,1171.0,1,222,65
2024,8,636.0,-6.0,810.0,-27.0,1587.0,9,174,143
2024,10,559.0,-1.0,832.0,-11.0,946.0,1,20,166
2024,11,611.0,-4.0,743.0,-20.0,930.0,4,46,169
2024,5,1956.0,136.0,2157.0,137.0,600.0,1,85,48
2024,11,932.0,-7.0,1101.0,15.0,88.0,10,46,58
2024,11,1747.0,7.0,1851.0,-1.0,192.0,0,56,14
2024,10,1717.0,-5.0,1825.0,-20.0,300.0,4,89,14
2024,1,1953.0,38.0,2120.0,40.0,445.0,13,180,80
2024,9,924.0,19.0,1047.0,6.0,448.0,4,161,249
2024,4,1147.0,-1.0,1405.0,-18.0,820.0,14,121,184
2024,7,1657.0,95.0,2020.0,169.0,680.0,9,84,211
2024,12,1901.0,11.0,2036.0,14.0,678.0,12,192,51
2024,8,732.0,-3.0,856.0,-19.0,1337.0,13,46,70
2024,3,1.0,77.0,45.0,63.0,140.0,8,62,145
2024,8,1644.0,14.0,1851.0,6.0,337.0,13,174,61
2024,11,1134.0,-6.0,1319.0,-21.0,542.0,11,271,116
2024,6,2308.0,68.0,2347.0,57.0,587.0,13,20,181
2024,8,859.0,-1.0,1139.0,-7.0,1034.0,5,254,120
2024,5,1230.0,-4.0,1508.0,-18.0,627.0,5,65,84
2024,9,1829.0,-1.0,1913.0,-2.0,100.0,13,111,128
2024,3,1344.0,-1.0,1600.0,-17.0,752.0,11,65,130
2024,11,924.0,24.0,1050.0,10.0,480.0,13,222,221
2024,8,2149.0,109.0,2301.0,124.0,157.0,11,67,244
2024,12,1743.0,60.0,1854.0,44.0,708.0,10,46,247
2024,7,2125.0,-9.0,2236.0,-11.0,332.0,11,67,79
2024,10,1904.0,-6.0,2114.0,2.0,651.0,12,223,199
2024,12,1455.0,20.0,1712.0,7.0,369.0,13,38,199
2024,12,1528.0,47.0,1648.0,34.0,337.0,11,147,228
2024,12,832.0,-7.0,840.0,-15.0,304.0,1,193,227
2024,12,1511.0,3.0,1720.0,-10.0,683.0,1,201,48
2024,12,2302.0,6.0,2305.0,-5.0,271.0,4,15,195
2024,9,1555.0,6.0,1849.0,4.0,591.0,4,50,14
2024,2,931.0,1.0,1159.0,-11.0,1750.0,13,50,154
2024,6,1908.0,8.0,2115.0,35.0,967.0,12,65,228
2024,5,1706.0,21.0,1914.0,39.0,631.0,1,62,181
2024,3,1246.0,1.0,2007.0,-28.0,2677.0,7,111,241
2024,2,932.0,-8.0,1154.0,-11.0,453.0,4,144,14
2024,6,2003.0,83.0,2236.0,75.0,413.0,1,50,200
2024,4,553.0,-2.0,742.0,-3.0,647.0,13,216,199
2024,12,1647.0,-7.0,1851.0,5.0,956.0,12,267,116
2024,4,907.0,17.0,1755.0,35.0,2521.0,12,223,198
2024,7,1443.0,-6.0,1744.0,-15.0,733.0,1,62,155
2024,6,744.0,14.0,1101.0,13.0,748.0,12,174,184
2024,12,2303.0,80.0,50.0,68.0,594.0,9,15,72
2024,4,1630.0,3.0,1737.0,0.0,599.0,1,46,51
2024,12,954.0,-6.0,1122.0,-12.0,335.0,10,46,53
2024,2,1410.0,-2.0,1614.0,-21.0,1590.0,4,15,224
2024,7,558.0,-2.0,804.0,-18.0,746.0,12,177,14
2024,6,1948.0,98.0,2051.0,96.0,1242.0,13,18,154
2024,10,656.0,-9.0,802.0,-18.0,316.0,12,163,116
2024,1,658.0,-2.0,836.0,-19.0,406.0,12,119,70
2024,7,1454.0,9.0,1750.0,3.0,641.0,1,65,65
2024,3,702.0,2.0,930.0,5.0,945.0,13,115,90
2024,3,1105.0,0.0,1617.0,-3.0,1442.0,13,216,64
2024,8,1307.0,-5.0,1440.0,-23.0,463.0,14,58,184
2024,10,813.0,-7.0,1017.0,23.0,322.0,12,266,48
2024,3,926.0,-4.0,1105.0,-17.0,427.0,3,176,211
2024,12,1525.0,26.0,1725.0,15.0,634.0,1,266,123
2024,2,737.0,-3.0,933.0,-12.0,587.0,13,29,64
2024,6,1908.0,129.0,2036.0,131.0,323.0,14,266,61
2024,1,1909.0,-6.0,2011.0,-19.0,326.0,11,223,40
2024,10,2151.0,66.0,2246.0,52.0,157.0,1,46,179
2024,1,944.0,-4.0,1231.0,-14.0,628.0,12,139,70
2024,7,556.0,-4.0,733.0,-9.0,416.0,14,204,184
2024,7,1115.0,-6.0,1306.0,13.0,898.0,12,65,26
2024,10,2114.0,9.0,2220.0,5.0,250.0,11,223,11
2024,10,1705.0,-4.0,1840.0,-19.0,564.0,2,236,213
2024,7,825.0,-10.0,1641.0,6.0,2306.0,4,236,269
2024,10,1554.0,-6.0,1707.0,-24.0,213.0,14,266,183
2024,10,618.0,-12.0,817.0,-20.0,783.0,6,12,33
2024,6,826.0,1.0,1113.0,-14.0,1069.0,3,176,89
2024,1,1258.0,-12.0,1629.0,-24.0,1020.0,4,161,183
2024,10,1536.0,-17.0,1709.0,-26.0,554.0,6,12,237
2024,11,454.0,-6.0,611.0,4.0,129.0,2,199,241
2024,9,1059.0,-3.0,1350.0,1.0,1069.0,4,84,183
2024,5,852.0,-7.0,1052.0,-14.0,588.0,11,50,273
2024,12,843.0,3.0,1034.0,19.0,1290.0,13,194,70
2024,10,1010.0,0.0,1242.0,12.0,2182.0,4,15,241
2024,9,1035.0,-8.0,1208.0,-21.0,447.0,1,175,65
2024,6,2151.0,-4.0,2308.0,-2.0,1313.0,13,112,227
2024,3,714.0,6.0,814.0,6.0,91.0,8,12,48
2024,12,815.0,0.0,1040.0,-11.0,759.0,1,266,191
2024,10,1613.0,-2.0,1755.0,-4.0,500.0,1,46,72
2024,11,1058.0,-5.0,1423.0,-12.0,942.0,4,174,33
2024,7,745.0,15.0,932.0,-3.0,1162.0,8,204,17
2024,6,1621.0,-15.0,1740.0,-14.0,325.0,11,183,199
2024,6,1141.0,-4.0,1435.0,-33.0,719.0,12,50,184
2024,7,651.0,-11.0,951.0,-3.0,977.0,12,18,51
2024,9,655.0,-5.0,1019.0,-16.0,1249.0,4,33,90
2024,7,1301.0,51.0,1542.0,42.0,664.0,13,145,5
2024,1,838.0,653.0,944.0,637.0,258.0,0,176,41
2024,11,1605.0,45.0,1818.0,28.0,1216.0,4,258,241
2024,7,2038.0,-3.0,2143.0,-21.0,236.0,9,147,143
2024,3,1640.0,10.0,1841.0,-4.0,834.0,13,184,200
2024,12,538.0,-7.0,758.0,-12.0,425.0,13,175,14
2024,10,2148.0,-4.0,5.0,-9.0,351.0,11,193,76
2024,2,1714.0,4.0,1854.0,1.0,733.0,12,176,51
2024,6,1740.0,202.0,47.0,188.0,1919.0,4,228,14
2024,8,1919.0,18.0,2044.0,5.0,1984.0,9,254,143
2024,10,1621.0,33.0,17.0,33.0,2227.0,12,139,184
2024,8,1736.0,-7.0,2053.0,-23.0,2724.0,2,158,241
2024,12,938.0,-7.0,1031.0,-23.0,110.0,11,193,261
2024,2,1919.0,-1.0,2009.0,-1.0,551.0,13,184,182
2024,4,1239.0,-1.0,1548.0,8.0,704.0,13,50,185
2024,11,1720.0,-10.0,1958.0,-16.0,1050.0,3,184,108
2024,12,2144.0,-11.0,2242.0,-23.0,273.0,13,18,106
2024,3,553.0,3.0,917.0,-28.0,1105.0,13,50,90
2024,5,1254.0,-11.0,1707.0,-31.0,1448.0,2,9,241
2024,8,837.0,5.0,1135.0,-4.0,721.0,1,72,65
2024,10,1324.0,26.0,1617.0,9.0,1041.0,11,50,226
2024,3,1553.0,-4.0,1901.0,-23.0,1237.0,3,33,89
2024,9,1607.0,-3.0,1813.0,-6.0,1167.0,12,177,182
2024,6,1241.0,1.0,1430.0,-3.0,989.0,4,62,224
2024,6,1709.0,24.0,1731.0,16.0,879.0,13,61,199
2024,11,1758.0,-1.0,1940.0,-2.0,1900.0,4,15,190
2024,10,1707.0,-8.0,1838.0,-16.0,187.0,14,176,33
2024,7,635.0,5.0,832.0,-8.0,793.0,13,61,51
2024,12,1452.0,11.0,1554.0,4.0,692.0,4,15,131
2024,5,500.0,-2.0,607.0,-22.0,264.0,0,212,183
2024,4,1321.0,10.0,1611.0,-3.0,675.0,10,22,48
2024,2,1540.0,-5.0,1843.0,-31.0,719.0,12,50,184
2024,5,2306.0,49.0,8.0,24.0,212.0,12,266,184
2024,6,838.0,28.0,1047.0,17.0,1751.0,13,50,205
2024,1,955.0,-5.0,1133.0,3.0,405.0,13,50,131
2024,1,909.0,-6.0,1221.0,-22.0,2520.0,4,254,241
2024,3,2032.0,-3.0,2121.0,-18.0,110.0,11,193,261
2024,2,750.0,-5.0,1327.0,-18.0,1751.0,13,199,51
2024,5,1222.0,0.0,1320.0,-15.0,594.0,11,104,51
2024,9,1713.0,-12.0,1835.0,-40.0,479.0,10,137,269
2024,5,1908.0,14.0,2151.0,22.0,977.0,8,62,30
2024,3,1228.0,3.0,1627.0,42.0,1012.0,13,182,269
2024,5,1854.0,-6.0,2141.0,-20.0,628.0,5,139,70
2024,7,2024.0,39.0,2336.0,20.0,999.0,1,62,101
2024,5,2002.0,2.0,2251.0,-9.0,2454.0,12,177,154
2024,12,1740.0,0.0,1917.0,-18.0,663.0,13,121,19
2024,3,1232.0,-3.0,1322.0,-18.0,189.0,13,61,17
2024,7,727.0,-8.0,902.0,3.0,306.0,14,148,72
2024,5,1424.0,14.0,2254.0,13.0,2475.0,3,147,183
2024,9,1334.0,6.0,1511.0,-5.0,597.0,11,62,29
2024,8,750.0,-10.0,903.0,-17.0,184.0,14,176,33
2024,1,954.0,-6.0,1442.0,-8.0,1241.0,13,38,17
2024,3,1736.0,-5.0,2350.0,-8.0,1978.0,4,236,181
2024,2,1157.0,-3.0,1432.0,-12.0,984.0,11,112,168
2024,2,1722.0,-7.0,1837.0,-26.0,319.0,14,177,200
2024,10,713.0,-2.0,813.0,-4.0,606.0,4,15,51
2024,10,2112.0,-7.0,2217.0,-25.0,268.0,14,192,200
2024,1,854.0,11.0,1023.0,37.0,581.0,11,159,199
2024,4,1005.0,16.0,1153.0,65.0,628.0,12,65,143
2024,10,1214.0,-6.0,1322.0,-20.0,306.0,14,67,155
2024,6,1942.0,-9.0,2127.0,-7.0,931.0,1,93,65
2024,10,1801.0,-2.0,1925.0,-15.0,374.0,11,252,72
2024,7,1400.0,-3.0,1719.0,-7.0,920.0,4,219,131
2024,4,1247.0,52.0,1456.0,41.0,1195.0,4,112,224
2024,7,2031.0,1.0,501.0,-18.0,2724.0,1,236,166
2024,10,1557.0,22.0,1734.0,13.0,1947.0,4,15,154
2024,12,913.0,223.0,1109.0,240.0,463.0,11,94,224
2024,11,1553.0,-2.0,1827.0,-18.0,602.0,13,193,70
2024,8,1504.0,-5.0,1551.0,-8.0,163.0,7,134,115
2024,4,1624.0,34.0,1809.0,19.0,646.0,13,193,187
2024,3,2044.0,32.0,2327.0,15.0,1065.0,3,84,184
2024,3,816.0,-6.0,1049.0,-25.0,1076.0,9,84,183
2024,5,1831.0,-4.0,1953.0,-13.0,387.0,11,27,224
2024,1,905.0,5.0,1104.0,3.0,581.0,9,84,14
2024,4,2242.0,177.0,14.0,199.0,251.0,13,50,249
2024,9,1240.0,-12.0,2008.0,-32.0,2077.0,1,222,48
2024,12,1721.0,46.0,2022.0,79.0,879.0,5,51,90
2024,4,737.0,3.0,914.0,-9.0,500.0,1,46,72
2024,6,556.0,-4.0,1042.0,-27.0,1299.0,4,139,169
2024,1,1730.0,0.0,1900.0,-6.0,337.0,12,223,154
2024,11,1731.0,-4.0,2045.0,-24.0,896.0,11,65,168
2024,9,1747.0,-3.0,1843.0,-1.0,98.0,11,217,72
2024,1,1927.0,-3.0,2041.0,-19.0,214.0,14,266,183
2024,3,2220.0,14.0,11.0,12.0,577.0,5,15,19
2024,5,1204.0,149.0,1308.0,143.0,689.0,12,15,116
2024,7,1734.0,-6.0,1806.0,-8.0,41.0,2,101,127
2024,10,1534.0,-6.0,1703.0,-8.0,516.0,4,15,185
2024,7,1450.0,-7.0,1657.0,-11.0,645.0,14,177,119
2024,1,1408.0,-10.0,1559.0,-21.0,1012.0,9,254,51
2024,5,809.0,-6.0,1049.0,-14.0,1389.0,1,176,65
2024,10,914.0,-6.0,954.0,-13.0,525.0,9,84,195
2024,7,1605.0,-5.0,1902.0,-44.0,1096.0,4,176,166
2024,8,1459.0,29.0,1607.0,17.0,231.0,13,139,152
2024,9,1251.0,-6.0,1436.0,13.0,310.0,10,266,55
2024,4,719.0,-7.0,914.0,0.0,849.0,8,201,51
2024,10,1320.0,7.0,1430.0,-2.0,224.0,5,62,116
2024,5,1519.0,19.0,1639.0,4.0,480.0,13,216,227
2024,2,1802.0,-3.0,2117.0,0.0,1249.0,4,85,33
2024,4,1639.0,-1.0,2357.0,-15.0,2079.0,4,223,72
2024,3,2148.0,3.0,609.0,-8.0,2611.0,4,147,33
2024,6,1913.0,48.0,2036.0,36.0,377.0,13,151,19
2024,8,1813.0,3.0,1907.0,-23.0,1246.0,13,61,154
2024,9,813.0,-1.0,1011.0,-17.0,2125.0,9,46,154
2024,9,727.0,-3.0,916.0,-18.0,544.0,1,176,48
2024,10,1452.0,7.0,1758.0,-9.0,719.0,12,50,184
2024,3,1245.0,-5.0,1346.0,-8.0,140.0,11,62,153
2024,10,1902.0,7.0,1937.0,-3.0,1037.0,13,182,199
2024,8,2113.0,8.0,2303.0,1.0,84.0,11,50,244
2024,10,928.0,-5.0,1049.0,-20.0,361.0,1,20,48
2024,9,602.0,-8.0,904.0,-21.0,1237.0,3,84,33
2024,12,1428.0,29.0,2204.0,28.0,2139.0,4,223,14
2024,9,1026.0,-4.0,1500.0,-8.0,4983.0,4,176,115
2024,9,1714.0,-6.0,1827.0,-14.0,214.0,1,176,269
2024,6,2236.0,46.0,2.0,65.0,748.0,4,161,28
2024,1,1933.0,23.0,2012.0,20.0,100.0,7,125,115
2024,3,1202.0,-9.0,1326.0,-14.0,280.0,1,33,198
2024,11,1757.0,17.0,1933.0,19.0,386.0,11,30,169
2024,12,1314.0,-9.0,1604.0,-20.0,954.0,2,147,241
2024,3,854.0,-6.0,1100.0,-18.0,177.0,14,50,119
2024,1,1017.0,7.0,1134.0,-1.0,337.0,13,20,61
2024,4,1439.0,0.0,1501.0,-9.0,350.0,10,46,29
2024,11,648.0,-2.0,926.0,-14.0,1246.0,13,20,116
2024,4,840.0,0.0,945.0,-5.0,319.0,13,61,167
2024,12,1904.0,4.0,2007.0,-1.0,110.0,11,147,192
2024,9,1909.0,-6.0,1945.0,-11.0,100.0,7,125,115
2024,11,1123.0,-10.0,1327.0,-35.0,895.0,12,184,55
2024,11,1005.0,10.0,1340.0,-7.0,1086.0,4,219,17
2024,9,624.0,-6.0,737.0,-15.0,160.0,11,10,51
2024,10,825.0,-5.0,919.0,-6.0,591.0,13,15,51
2024,4,1655.0,19.0,2119.0,19.0,1389.0,1,62,183
2024,3,1830.0,-10.0,1920.0,1.0,438.0,11,92,199
2024,3,1238.0,-4.0,1344.0,-10.0,192.0,0,56,14
2024,11,1035.0,9.0,1201.0,14.0,402.0,8,253,166
2024,5,1528.0,-7.0,1628.0,-18.0,653.0,10,266,29
2024,6,1955.0,92.0,2336.0,129.0,1096.0,1,158,183
2024,9,1302.0,-8.0,1441.0,-10.0,414.0,12,223,143
2024,4,2256.0,-3.0,27.0,10.0,684.0,9,184,164
2024,5,1855.0,-4.0,2137.0,7.0,982.0,9,85,15
2024,3,2113.0,43.0,5.0,27.0,1041.0,1,50,226
2024,9,718.0,5.0,903.0,-5.0,529.0,12,177,48
2024,3,522.0,-3.0,908.0,8.0,1075.0,4,112,72
2024,10,1008.0,4.0,1546.0,2.0,1558.0,12,65,198
2024,7,2014.0,19.0,2207.0,11.0,2065.0,12,266,143
2024,2,1022.0,7.0,1250.0,20.0,2039.0,13,184,143
2024,5,2329.0,6.0,509.0,-15.0,1744.0,12,147,51
2024,8,1206.0,-14.0,1206.0,-30.0,280.0,11,141,70
2024,3,2217.0,11.0,2339.0,6.0,408.0,10,62,122
2024,8,2020.0,20.0,2127.0,12.0,236.0,13,147,143
2024,10,623.0,-7.0,859.0,-19.0,1040.0,6,247,88
2024,3,1100.0,-5.0,1135.0,-33.0,437.0,10,46,193
2024,8,540.0,-5.0,713.0,-16.0,441.0,14,39,269
2024,1,1142.0,-8.0,1409.0,-21.0,973.0,9,84,61
2024,2,1603.0,15.0,1741.0,14.0,626.0,2,9,68
2024,9,743.0,-7.0,1025.0,-10.0,2569.0,7,145,115
2024,9,622.0,-7.0,1000.0,-20.0,1095.0,1,221,48
2024,10,705.0,-5.0,913.0,-37.0,1754.0,3,33,70
2024,5,1306.0,136.0,1557.0,162.0,728.0,14,46,33
2024,8,640.0,-3.0,704.0,-14.0,316.0,8,52,51
2024,10,657.0,-3.0,948.0,3.0,677.0,13,73,116
2024,12,1740.0,0.0,2014.0,-9.0,950.0,4,184,183
2024,10,653.0,3.0,713.0,-2.0,402.0,13,194,51
2024,4,1339.0,-11.0,1441.0,-23.0,199.0,11,206,228
2024,3,52.0,117.0,142.0,115.0,551.0,1,62,78
2024,7,720.0,-5.0,1307.0,-3.0,1715.0,13,224,249
2024,10,632.0,-3.0,755.0,-10.0,461.0,13,128,64
2024,3,1811.0,117.0,2055.0,130.0,453.0,4,144,14
2024,10,1033.0,-5.0,1151.0,-9.0,187.0,14,33,183
2024,10,1003.0,33.0,1105.0,50.0,472.0,12,182,70
2024,4,1158.0,6.0,1321.0,-2.0,793.0,3,84,181
2024,7,1457.0,-6.0,1630.0,-15.0,479.0,11,206,241
2024,4,910.0,-15.0,1127.0,15.0,534.0,12,15,269
2024,10,2221.0,6.0,512.0,2.0,1749.0,4,139,72
2024,8,527.0,-3.0,635.0,-14.0,775.0,12,18,70
2024,4,802.0,7.0,1005.0,40.0,854.0,13,65,152
2024,5,814.0,-1.0,1113.0,10.0,1389.0,1,176,65
2024,4,454.0,-6.0,649.0,-24.0,668.0,4,198,72
2024,4,1830.0,-4.0,1903.0,-9.0,408.0,11,93,169
2024,1,1013.0,-2.0,1237.0,-10.0,693.0,8,50,188
2024,5,1226.0,-13.0,1413.0,-11.0,524.0,10,93,269
2024,12,2019.0,4.0,2320.0,26.0,1099.0,8,158,85
2024,12,1431.0,1.0,1533.0,-2.0,294.0,13,159,17
2024,6,1531.0,6.0,1755.0,-15.0,925.0,13,20,89
2024,2,1255.0,0.0,1404.0,-1.0,281.0,13,20,39
2024,9,650.0,-10.0,955.0,-19.0,733.0,4,50,183
2024,7,1948.0,-3.0,2050.0,4.0,528.0,4,67,169
2024,12,550.0,-10.0,712.0,-17.0,356.0,5,15,211
2024,7,1505.0,55.0,1953.0,54.0,1175.0,4,242,169
2024,2,512.0,-6.0,641.0,-19.0,189.0,0,118,183
2024,3,1700.0,35.0,1836.0,39.0,421.0,11,223,192
2024,6,603.0,-2.0,755.0,-15.0,646.0,13,193,187
2024,4,926.0,6.0,1044.0,4.0,377.0,13,20,158
2024,2,1553.0,-2.0,1712.0,23.0,76.0,11,161,217
2024,8,1354.0,-14.0,1523.0,-18.0,416.0,5,52,211
2024,11,940.0,-5.0,1120.0,-17.0,416.0,0,177,211
2024,6,1243.0,-2.0,1515.0,4.0,1739.0,12,50,205
2024,12,855.0,-5.0,947.0,-8.0,148.0,13,112,17
2024,10,1320.0,40.0,1837.0,12.0,1587.0,13,139,181
2024,8,1937.0,38.0,2221.0,12.0,1005.0,4,176,256
2024,11,851.0,1.0,1111.0,-19.0,818.0,3,33,45
2024,7,900.0,15.0,945.0,7.0,95.0,11,67,55
2024,9,1816.0,-4.0,1953.0,6.0,370.0,1,193,154
2024,6,1119.0,-3.0,1734.0,-2.0,1723.0,1,222,51
2024,3,2335.0,75.0,114.0,69.0,491.0,13,174,131
2024,2,1111.0,-15.0,1141.0,-24.0,483.0,6,121,181
2024,8,833.0,3.0,1225.0,-4.0,1576.0,1,192,230
2024,5,723.0,-2.0,828.0,2.0,674.0,9,84,182
2024,8,1131.0,-6.0,1315.0,-10.0,980.0,4,204,169
2024,8,1211.0,21.0,1232.0,7.0,1020.0,13,112,199
2024,4,1027.0,-7.0,1301.0,-19.0,977.0,8,62,30
2024,7,1605.0,-3.0,1843.0,6.0,1855.0,5,50,228
2024,7,2159.0,0.0,143.0,-13.0,1598.0,3,225,183
2024,6,1049.0,17.0,1521.0,-12.0,1562.0,1,62,33
2024,9,629.0,-5.0,916.0,-21.0,1089.0,1,158,183
2024,12,703.0,-7.0,858.0,-24.0,509.0,0,176,72
2024,12,533.0,13.0,651.0,1.0,462.0,13,181,249
2024,12,2133.0,-7.0,2141.0,-21.0,325.0,1,193,190
2024,1,1644.0,-1.0,1908.0,-6.0,2172.0,4,15,205
2024,9,1745.0,-5.0,1830.0,-14.0,98.0,11,217,72
2024,11,1420.0,-10.0,1736.0,-14.0,854.0,11,154,199
2024,9,1335.0,-5.0,1624.0,-48.0,2704.0,12,33,228
2024,8,1055.0,-10.0,1137.0,-11.0,521.0,11,219,194
2024,6,1706.0,31.0,1815.0,20.0,405.0,13,128,51
2024,6,1423.0,-8.0,1547.0,-13.0,369.0,11,193,40
2024,5,2222.0,342.0,2340.0,350.0,175.0,1,181,65
2024,1,830.0,-4.0,941.0,-24.0,821.0,4,15,189
2024,10,1527.0,-5.0,1757.0,-22.0,1035.0,4,267,183
2024,3,2015.0,-10.0,2256.0,-26.0,987.0,2,185,241
2024,10,1947.0,35.0,2136.0,30.0,668.0,6,210,250
2024,5,1257.0,-3.0,1539.0,9.0,484.0,13,246,14
2024,9,536.0,-4.0,708.0,-15.0,482.0,8,36,65
2024,4,1405.0,-5.0,1732.0,-11.0,991.0,4,219,169
2024,3,456.0,-4.0,803.0,8.0,937.0,9,177,191
2024,2,1331.0,6.0,1547.0,-28.0,1448.0,2,236,9
2024,1,1444.0,72.0,1722.0,77.0,474.0,11,50,39
2024,2,748.0,-7.0,1001.0,-3.0,602.0,5,65,199
2024,11,1742.0,-3.0,2019.0,-6.0,580.0,13,5,64
2024,10,1107.0,-8.0,1220.0,-15.0,303.0,11,65,235
2024,8,1027.0,-8.0,1332.0,-11.0,1089.0,3,158,183
2024,9,848.0,28.0,1113.0,32.0,758.0,12,266,191
2024,1,533.0,-12.0,819.0,-9.0,752.0,14,33,53
2024,10,1525.0,-5.0,1611.0,-14.0,150.0,11,219,202
2024,4,1632.0,2.0,2138.0,-27.0,1521.0,13,139,51
2024,11,1045.0,-5.0,1343.0,-4.0,562.0,10,120,48
2024,4,1059.0,18.0,1239.0,10.0,431.0,1,156,65
2024,10,2006.0,-4.0,2050.0,-1.0,102.0,7,111,149
2024,11,758.0,-7.0,1018.0,-8.0,280.0,11,65,148
2024,11,815.0,-11.0,1002.0,-26.0,958.0,11,51,17
2024,7,2128.0,-2.0,2254.0,15.0,309.0,8,62,167
2024,1,734.0,-1.0,1128.0,53.0,2342.0,4,158,154
2024,1,1205.0,-5.0,1557.0,-25.0,1325.0,12,112,198
2024,3,1629.0,-6.0,1731.0,-17.0,196.0,8,41,51
2024,11,1947.0,-2.0,2128.0,-2.0,554.0,4,15,55
2024,1,1048.0,-2.0,1148.0,-7.0,173.0,13,185,143
2024,2,1225.0,0.0,1340.0,-5.0,349.0,13,5,70
2024,4,1856.0,-4.0,2044.0,-23.0,985.0,9,184,65
2024,5,1454.0,24.0,1711.0,25.0,696.0,11,224,241
2024,4,1354.0,4.0,1608.0,14.0,1972.0,1,158,199
2024,3,2141.0,6.0,2317.0,-8.0,495.0,13,20,155
2024,4,2346.0,100.0,109.0,105.0,359.0,6,250,143
2024,7,1835.0,17.0,1946.0,13.0,1773.0,1,46,199
2024,10,1532.0,-3.0,1810.0,-14.0,1020.0,1,158,119
2024,10,828.0,-2.0,932.0,-8.0,293.0,13,61,156
2024,2,920.0,-5.0,1005.0,-7.0,163.0,7,111,137
2024,7,600.0,-5.0,719.0,-11.0,386.0,13,139,229
2024,11,1547.0,42.0,1716.0,49.0,326.0,12,223,40
2024,2,1418.0,-2.0,1600.0,-38.0,1107.0,4,193,241
2024,9,851.0,11.0,1333.0,-10.0,1211.0,4,147,226
2024,12,1917.0,23.0,2155.0,-16.0,1076.0,9,176,89
2024,11,1713.0,-12.0,1838.0,-21.0,817.0,12,121,116
2024,12,1630.0,20.0,1805.0,10.0,563.0,13,65,78
2024,11,1845.0,-5.0,1951.0,-13.0,304.0,4,15,147
2024,11,2025.0,85.0,2243.0,77.0,834.0,2,199,154
2024,1,601.0,-4.0,848.0,-16.0,853.0,4,4,14
2024,4,1411.0,-16.0,2243.0,-22.0,2694.0,2,111,82
2024,1,1205.0,-5.0,1539.0,2.0,912.0,12,112,48
2024,1,1832.0,2.0,2001.0,-9.0,480.0,13,222,221
2024,8,1106.0,1.0,1452.0,17.0,997.0,13,50,256
2024,10,2005.0,-5.0,2104.0,-16.0,296.0,13,224,40
2024,12,917.0,-3.0,1029.0,-11.0,345.0,13,207,143
2024,7,1752.0,-7.0,2014.0,-21.0,2398.0,2,223,115
2024,5,1823.0,-7.0,1908.0,-7.0,100.0,13,111,128
2024,8,1501.0,16.0,1615.0,21.0,168.0,10,43,48
2024,6,2308.0,63.0,31.0,38.0,493.0,14,266,204
2024,3,1247.0,-13.0,1547.0,0.0,901.0,12,266,89
2024,11,1359.0,0.0,1915.0,-3.0,1454.0,4,185,169
2024,10,1150.0,-5.0,1318.0,-13.0,844.0,11,115,116
2024,4,1355.0,5.0,1921.0,-2.0,1506.0,12,65,256
2024,7,1434.0,-1.0,1511.0,-14.0,100.0,13,111,128
2024,8,1057.0,9.0,1247.0,3.0,541.0,0,46,183
2024,3,1418.0,-10.0,1658.0,-30.0,1118.0,6,93,210
2024,10,827.0,-3.0,951.0,-15.0,733.0,12,176,51
2024,2,1840.0,-5.0,2150.0,20.0,1050.0,2,236,227
2024,11,1113.0,-2.0,1327.0,-9.0,752.0,12,65,130
2024,5,1640.0,15.0,1705.0,0.0,468.0,13,37,51
2024,10,542.0,-3.0,729.0,-6.0,501.0,4,204,72
2024,8,1351.0,-4.0,1638.0,-13.0,528.0,11,50,251
2024,4,634.0,-7.0,906.0,-18.0,533.0,5,65,131
2024,5,1009.0,39.0,1220.0,22.0,1092.0,14,177,131
2024,4,1557.0,7.0,1840.0,-10.0,651.0,13,65,64
2024,7,1104.0,10.0,1226.0,2.0,397.0,9,216,143
2024,8,613.0,6.0,837.0,7.0,2227.0,12,177,143
2024,10,1114.0,-6.0,1225.0,-18.0,228.0,11,176,269
2024,11,711.0,6.0,927.0,11.0,240.0,4,186,14
2024,4,654.0,-10.0,1000.0,-3.0,1166.0,3,84,39
2024,7,1759.0,-6.0,1956.0,26.0,337.0,1,204,198
2024,6,1619.0,-1.0,1824.0,53.0,1199.0,4,15,70
2024,12,1644.0,-6.0,2340.0,0.0,1771.0,13,139,61
2024,6,636.0,-4.0,730.0,-10.0,153.0,13,97,14
2024,6,1618.0,-2.0,1743.0,-5.0,349.0,0,67,160
2024,7,2310.0,35.0,719.0,42.0,2329.0,9,147,19
2024,7,1226.0,21.0,1800.0,30.0,1482.0,13,65,214
2024,4,1826.0,-9.0,2112.0,-13.0,719.0,13,246,269
2024,6,1722.0,27.0,1752.0,17.0,1020.0,13,112,199
2024,8,2134.0,259.0,2250.0,240.0,386.0,13,139,229
2024,12,943.0,-6.0,1218.0,0.0,736.0,1,46,133
2024,3,1503.0,-7.0,1629.0,-15.0,457.0,0,15,49
2024,4,1159.0,-1.0,1238.0,-10.0,83.0,11,57,14
2024,9,808.0,-6.0,1146.0,-23.0,1095.0,1,221,48
2024,5,1307.0,7.0,1625.0,10.0,836.0,13,242,70
2024,5,1535.0,31.0,1727.0,29.0,564.0,2,207,241
2024,8,1516.0,30.0,1707.0,32.0,529.0,9,46,184
2024,5,1504.0,12.0,1553.0,-1.0,674.0,4,15,262
2024,11,702.0,-8.0,1252.0,-18.0,1721.0,4,236,51
2024,10,1610.0,-9.0,1817.0,-18.0,806.0,6,242,143
2024,10,555.0,-5.0,737.0,-3.0,390.0,11,204,53
2024,4,937.0,-8.0,1131.0,-19.0,605.0,11,216,241
2024,5,2241.0,90.0,142.0,83.0,1085.0,1,158,184
2024,7,2154.0,569.0,132.0,542.0,1598.0,3,225,183
2024,1,1734.0,-11.0,2003.0,-15.0,659.0,14,176,155
2024,3,1632.0,-3.0,1735.0,-13.0,196.0,8,41,51
2024,1,2231.0,122.0,235.0,179.0,1010.0,3,176,256
2024,8,636.0,-7.0,820.0,-30.0,1092.0,9,177,131
2024,10,1852.0,-5.0,2128.0,-17.0,1823.0,4,204,224
2024,10,1742.0,42.0,1850.0,35.0,804.0,13,65,213
2024,10,1146.0,17.0,1317.0,-12.0,1337.0,1,46,70
2024,3,1429.0,14.0,1658.0,6.0,919.0,1,158,269
2024,1,2021.0,-8.0,2301.0,-15.0,1074.0,3,85,183
2024,10,746.0,-9.0,909.0,-16.0,909.0,13,65,221
2024,10,948.0,13.0,1136.0,-14.0,1209.0,13,20,64
2024,9,1631.0,-1.0,1829.0,-10.0,683.0,1,46,208
2024,4,1418.0,-4.0,1637.0,-4.0,316.0,12,50,55
2024,9,2249.0,71.0,46.0,69.0,632.0,1,46,89
2024,6,2035.0,23.0,2151.0,13.0,290.0,1,178,48
2024,3,1626.0,54.0,1825.0,50.0,661.0,6,84,12
2024,5,929.0,49.0,1032.0,42.0,692.0,13,15,131
2024,10,1804.0,2.0,2114.0,-9.0,813.0,4,18,14
2024,7,1616.0,-12.0,1903.0,-32.0,674.0,11,71,65
2024,7,1948.0,-7.0,2221.0,-18.0,1027.0,2,222,245
2024,12,1051.0,1.0,1213.0,-17.0,407.0,13,139,187
2024,11,1214.0,-1.0,1414.0,-10.0,760.0,4,15,183
2024,7,1649.0,-6.0,1949.0,5.0,954.0,2,147,241
2024,9,1348.0,8.0,1951.0,1.0,1865.0,13,219,19
2024,8,1641.0,20.0,1755.0,14.0,299.0,8,50,71
2024,3,728.0,-2.0,833.0,3.0,239.0,13,112,64
2024,12,625.0,-5.0,742.0,-33.0,765.0,3,176,181
2024,1,1455.0,165.0,1559.0,159.0,258.0,13,139,227
2024,1,1913.0,14.0,2011.0,1.0,236.0,3,139,154
2024,10,1736.0,-9.0,1832.0,-28.0,172.0,11,187,241
2024,9,1430.0,5.0,1815.0,12.0,967.0,12,223,70
2024,6,2310.0,15.0,141.0,21.0,937.0,13,50,116
2024,10,558.0,-2.0,721.0,-14.0,447.0,4,58,14
2024,10,1216.0,-4.0,1442.0,-29.0,946.0,4,33,14
2024,12,741.0,-4.0,947.0,-20.0,1528.0,4,58,224
2024,2,1109.0,50.0,1214.0,28.0,721.0,1,62,77
2024,11,1512.0,-1.0,1634.0,-7.0,393.0,4,128,169
2024,7,1900.0,0.0,2153.0,0.0,588.0,4,228,224
2024,4,1850.0,5.0,2130.0,-5.0,1189.0,13,184,230
2024,7,1109.0,4.0,1233.0,3.0,441.0,13,159,116
2024,4,1057.0,-3.0,1913.0,-9.0,2541.0,2,125,227
2024,12,1325.0,-5.0,1649.0,-33.0,2338.0,12,223,128
2024,4,1440.0,2.0,1557.0,-13.0,1300.0,1,175,199
2024,6,1413.0,-2.0,1625.0,-25.0,919.0,13,20,90
2024,4,2034.0,35.0,2237.0,12.0,1715.0,2,18,205
2024,1,1206.0,-4.0,1307.0,-8.0,141.0,13,106,70
2024,7,1055.0,9.0,1906.0,-1.0,2402.0,9,147,198
2024,3,1926.0,4.0,2038.0,8.0,590.0,11,219,154
2024,4,2056.0,41.0,2159.0,39.0,1182.0,13,61,227
2024,4,2032.0,-3.0,2233.0,-2.0,1999.0,13,20,199
2024,7,1519.0,-5.0,1641.0,-21.0,490.0,8,62,57
2024,5,1732.0,3.0,1927.0,-25.0,645.0,14,177,119
2024,6,1716.0,96.0,2025.0,75.0,1246.0,9,45,191
2024,3,726.0,-4.0,959.0,-15.0,1620.0,4,176,70
2024,11,1544.0,61.0,1638.0,49.0,237.0,1,62,262
2024,1,622.0,-8.0,730.0,-15.0,251.0,13,246,51
2024,2,1149.0,-1.0,1408.0,-7.0,471.0,13,174,179
2024,5,1618.0,13.0,1726.0,8.0,743.0,4,15,71
2024,6,1615.0,109.0,1753.0,115.0,334.0,11,161,51
2024,1,1630.0,10.0,1807.0,17.0,479.0,13,216,205
2024,1,1515.0,-5.0,1651.0,-5.0,760.0,14,43,51
2024,4,1529.0,-1.0,1815.0,-5.0,519.0,13,139,32
2024,2,643.0,3.0,724.0,-11.0,519.0,13,32,143
2024,11,1225.0,-5.0,1534.0,-3.0,628.0,5,139,70
2024,2,921.0,11.0,1238.0,-2.0,1005.0,13,61,90
2024,9,1857.0,-3.0,2039.0,-8.0,413.0,10,192,275
2024,12,912.0,-3.0,1446.0,1.0,1583.0,13,38,249
2024,7,928.0,3.0,1129.0,-26.0,2409.0,13,180,115
2024,7,1251.0,18.0,1541.0,19.0,1111.0,3,254,108
2024,7,135.0,300.0,323.0,293.0,649.0,12,65,32
2024,3,1410.0,65.0,1550.0,49.0,624.0,6,132,210
2024,10,1559.0,14.0,1705.0,5.0,281.0,13,37,19
2024,8,1735.0,9.0,1912.0,-10.0,496.0,14,194,33
2024,12,236.0,-9.0,439.0,-5.0,1129.0,3,2,191
2024,10,1415.0,-5.0,1540.0,-5.0,308.0,11,224,154
2024,8,1518.0,-3.0,1736.0,-16.0,368.0,9,139,224
2024,9,1706.0,-9.0,1811.0,-8.0,73.0,11,54,70
2024,12,734.0,19.0,1248.0,-2.0,1621.0,13,224,116
2024,11,1834.0,694.0,1928.0,662.0,604.0,11,162,70
2024,8,1436.0,-9.0,1541.0,-29.0,258.0,13,222,143
2024,8,1026.0,-3.0,1315.0,1.0,867.0,5,236,143
2024,6,1616.0,-2.0,1757.0,-18.0,603.0,10,46,254
2024,6,1748.0,6.0,1908.0,-7.0,356.0,10,266,208
2024,9,629.0,-6.0,723.0,-17.0,259.0,13,66,249
2024,7,42.0,207.0,211.0,200.0,481.0,4,15,214
2024,5,723.0,-7.0,1012.0,-6.0,1023.0,3,267,184
2024,4,1253.0,3.0,1411.0,-18.0,862.0,12,112,70
2024,9,1759.0,-1.0,1904.0,0.0,67.0,11,50,168
2024,5,2201.0,246.0,2353.0,233.0,756.0,13,18,181
2024,3,1243.0,-5.0,1530.0,-7.0,937.0,12,184,184
2024,8,1029.0,-12.0,1327.0,-29.0,769.0,10,186,269
2024,10,804.0,14.0,929.0,8.0,386.0,4,30,169
2024,7,1921.0,66.0,2040.0,48.0,862.0,11,65,154
2024,8,1002.0,-6.0,1104.0,-20.0,297.0,4,161,168
2024,8,1027.0,-3.0,1219.0,-6.0,588.0,1,192,119
2024,4,1829.0,24.0,2058.0,8.0,562.0,13,73,64
2024,9,558.0,-2.0,740.0,-15.0,647.0,13,216,199
2024,8,1100.0,-10.0,1318.0,-22.0,859.0,2,199,233
2024,2,2050.0,0.0,2211.0,-26.0,443.0,0,67,135
2024,3,649.0,-12.0,800.0,-30.0,328.0,14,194,211
2024,8,618.0,-12.0,753.0,-11.0,719.0,12,177,51
2024,4,1946.0,-5.0,2127.0,-6.0,383.0,11,22,65
2024,1,1735.0,1.0,1835.0,-20.0,594.0,11,104,51
2024,12,1443.0,-7.0,1706.0,-9.0,728.0,14,46,33
2024,8,1944.0,15.0,2152.0,-2.0,509.0,4,176,72
2024,4,2146.0,-11.0,2337.0,14.0,282.0,12,177,39
2024,6,830.0,-5.0,1221.0,-8.0,1571.0,12,266,230
2024,4,1351.0,-3.0,1511.0,-2.0,236.0,9,139,154
2024,8,1441.0,-2.0,1632.0,-13.0,712.0,4,15,39
2024,12,1209.0,-10.0,1330.0,-32.0,371.0,11,104,72
2024,6,1659.0,-1.0,2052.0,114.0,631.0,1,62,181
2024,7,1100.0,5.0,1135.0,-5.0,977.0,13,115,70
2024,11,2058.0,-5.0,5.0,-13.0,733.0,10,62,155
2024,8,1115.0,-5.0,1217.0,-15.0,152.0,11,65,105
2024,3,1420.0,28.0,1622.0,19.0,1972.0,1,158,199
2024,8,1856.0,-19.0,1853.0,-31.0,228.0,11,179,70
2024,3,1307.0,-5.0,1507.0,-32.0,1020.0,14,176,169
2024,1,1746.0,-7.0,1942.0,-14.0,1107.0,1,45,166
2024,8,1306.0,-5.0,1431.0,-9.0,402.0,11,107,224
2024,8,1312.0,22.0,2143.0,-2.0,2704.0,4,223,33
2024,2,2202.0,-10.0,2301.0,-22.0,241.0,4,67,39
2024,2,1113.0,-2.0,1300.0,4.0,547.0,4,15,269
2024,3,637.0,-13.0,837.0,-2.0,547.0,14,15,269
2024,5,1630.0,90.0,1757.0,98.0,184.0,4,176,33
2024,10,620.0,0.0,704.0,-11.0,628.0,13,65,143
2024,6,2027.0,2.0,2112.0,2.0,163.0,7,134,115
2024,11,1454.0,0.0,1753.0,4.0,1023.0,12,267,184
2024,7,2105.0,80.0,112.0,91.0,1212.0,1,62,39
2024,10,1553.0,23.0,1729.0,20.0,546.0,1,46,39
2024,4,2225.0,-2.0,552.0,-22.0,2244.0,1,216,48
2024,11,2036.0,41.0,2318.0,56.0,645.0,14,177,119
2024,3,753.0,-7.0,1022.0,-40.0,2329.0,12,20,154
2024,12,557.0,-3.0,757.0,-7.0,583.0,1,93,48
2024,8,1718.0,8.0,1948.0,-5.0,2486.0,12,147,128
2024,8,1538.0,56.0,1706.0,52.0,1460.0,1,160,199
2024,9,1013.0,-3.0,1157.0,-2.0,430.0,1,52,48
2024,10,515.0,513.0,700.0,477.0,2077.0,1,46,227
2024,3,1424.0,-9.0,1538.0,-7.0,227.0,0,35,14
2024,7,1406.0,11.0,1718.0,22.0,2475.0,4,176,154
2024,2,1219.0,-6.0,1335.0,-10.0,419.0,13,112,188
2024,4,1046.0,-4.0,1213.0,-2.0,419.0,13,181,116
2024,2,1640.0,-7.0,1731.0,-10.0,102.0,11,62,264
2024,2,1551.0,-4.0,2003.0,-32.0,1067.0,13,139,64
2024,4,805.0,0.0,1011.0,-19.0,825.0,13,50,182
2024,8,1350.0,0.0,1519.0,-5.0,509.0,1,193,231
2024,10,1447.0,16.0,1733.0,34.0,1694.0,2,160,241
2024,3,552.0,7.0,821.0,22.0,763.0,9,199,143
2024,8,459.0,-6.0,750.0,-5.0,641.0,13,160,19
2024,12,539.0,-1.0,733.0,-12.0,1521.0,13,50,143
2024,6,904.0,-2.0,1141.0,21.0,1660.0,2,62,241
2024,10,833.0,1.0,1640.0,10.0,2153.0,1,193,183
2024,3,559.0,-1.0,920.0,1.0,733.0,4,50,183
2024,1,936.0,-11.0,1248.0,-18.0,833.0,11,193,188
2024,2,648.0,48.0,822.0,40.0,731.0,5,15,65
2024,7,1636.0,73.0,1837.0,56.0,680.0,4,84,211
2024,12,1830.0,12.0,2040.0,17.0,709.0,6,84,135
2024,8,649.0,-11.0,908.0,-10.0,2125.0,2,194,241
2024,5,617.0,-6.0,728.0,-14.0,296.0,14,37,269
2024,2,1423.0,-6.0,1733.0,4.0,733.0,1,62,155
2024,3,1254.0,9.0,1510.0,0.0,787.0,13,20,191
2024,10,1202.0,-1.0,1933.0,-32.0,2153.0,4,193,183
2024,2,1844.0,9.0,2056.0,1.0,834.0,13,194,191
2024,7,2156.0,56.0,2314.0,48.0,373.0,11,147,221
2024,7,1747.0,-3.0,1913.0,-18.0,469.0,11,62,171
2024,10,647.0,2.0,738.0,38.0,307.0,13,52,51
2024,6,1900.0,33.0,2009.0,22.0,258.0,8,246,51
2024,7,1040.0,-2.0,1224.0,-15.0,1024.0,2,65,241
2024,4,1517.0,4.0,1737.0,0.0,1083.0,11,29,70
2024,4,1002.0,-5.0,1159.0,-19.0,632.0,1,84,48
2024,5,1229.0,-1.0,1510.0,-11.0,1084.0,4,67,90
2024,6,1649.0,-5.0,1830.0,-21.0,624.0,1,62,71
2024,6,718.0,-7.0,1201.0,-27.0,1562.0,4,62,33
2024,9,1902.0,74.0,2131.0,63.0,541.0,12,65,262
2024,8,1909.0,-1.0,2133.0,-7.0,883.0,13,20,270
2024,8,1451.0,-8.0,1622.0,-25.0,515.0,4,85,14
2024,8,1046.0,35.0,1504.0,24.0,1303.0,1,62,198
2024,12,2046.0,6.0,2308.0,2.0,2125.0,1,46,154
2024,9,1529.0,-6.0,1808.0,-27.0,2475.0,1,176,154
2024,3,1609.0,-5.0,2117.0,-14.0,1436.0,5,65,211
2024,2,1446.0,16.0,1614.0,14.0,426.0,13,20,102
2024,12,824.0,9.0,1023.0,18.0,472.0,13,20,45
2024,5,1531.0,-2.0,607.0,-4.0,4502.0,4,111,14
2024,1,856.0,116.0,946.0,105.0,253.0,2,133,9
2024,10,1546.0,-6.0,1829.0,-11.0,533.0,0,31,14
2024,11,936.0,-4.0,1213.0,-23.0,954.0,4,236,154
2024,11,704.0,-11.0,1232.0,-25.0,1670.0,4,147,182
2024,10,57.0,22.0,830.0,8.0,2174.0,1,139,166
2024,9,1411.0,11.0,1628.0,-2.0,440.0,13,246,72
2024,7,822.0,-8.0,952.0,-13.0,866.0,11,181,224
2024,10,2051.0,27.0,2154.0,19.0,247.0,1,62,226
2024,11,1836.0,-8.0,2116.0,7.0,820.0,14,121,184
2024,11,2113.0,-7.0,2223.0,-22.0,391.0,13,174,195
2024,12,823.0,48.0,1138.0,37.0,1990.0,3,176,224
2024,8,600.0,0.0,802.0,2.0,603.0,1,252,48
2024,8,1520.0,19.0,1558.0,-2.0,1587.0,5,15,199
2024,5,1140.0,-2.0,1309.0,-21.0,449.0,1,192,48
2024,2,1739.0,9.0,1952.0,-8.0,1706.0,13,50,190
2024,12,749.0,19.0,1553.0,-2.0,2475.0,4,147,183
2024,6,1238.0,-2.0,1547.0,-13.0,917.0,13,61,256
2024,10,807.0,2.0,1326.0,-14.0,1524.0,13,139,168
2024,10,825.0,-5.0,957.0,-9.0,288.0,0,176,214
2024,9,1000.0,1.0,1506.0,-23.0,1337.0,1,65,48
2024,4,1650.0,-15.0,1959.0,-7.0,601.0,11,258,224
2024,6,758.0,-2.0,1122.0,-12.0,955.0,12,175,269
2024,4,557.0,-3.0,755.0,-17.0,250.0,4,262,14
2024,8,1105.0,5.0,1342.0,2.0,2462.0,13,216,115
2024,5,824.0,-1.0,1008.0,-6.0,502.0,4,67,183
2024,12,1906.0,-4.0,2211.0,-4.0,689.0,4,236,224
2024,10,757.0,-3.0,902.0,-18.0,719.0,13,266,249
2024,2,627.0,-12.0,736.0,-10.0,577.0,12,97,51
2024,8,2300.0,135.0,152.0,116.0,1121.0,3,184,33
2024,7,1823.0,48.0,2350.0,35.0,1546.0,13,65,191
2024,6,955.0,-6.0,1232.0,-4.0,2504.0,1,147,137
2024,2,1926.0,-4.0,2103.0,-11.0,480.0,11,222,221
2024,8,2137.0,-3.0,2241.0,-14.0,323.0,13,61,8
2024,10,811.0,-4.0,1652.0,43.0,2288.0,12,147,269
2024,7,1216.0,1.0,1444.0,4.0,468.0,13,50,39
2024,11,628.0,-2.0,725.0,-10.0,113.0,11,126,72
2024,4,905.0,22.0,1100.0,20.0,986.0,4,67,65
2024,11,1938.0,90.0,2034.0,77.0,708.0,1,46,157
2024,7,2336.0,60.0,310.0,82.0,814.0,5,246,198
2024,5,553.0,-7.0,859.0,-25.0,2586.0,1,176,228
2024,7,1551.0,-8.0,1717.0,-12.0,395.0,3,37,33
2024,9,1330.0,0.0,1456.0,-16.0,438.0,8,244,51
2024,11,515.0,-2.0,713.0,-6.0,550.0,1,246,65
2024,1,456.0,-5.0,725.0,-22.0,551.0,1,73,65
2024,3,1241.0,1.0,1411.0,1.0,373.0,13,147,221
2024,4,652.0,-4.0,836.0,-22.0,987.0,1,43,65
2024,12,1008.0,-8.0,1144.0,-12.0,414.0,11,223,143
2024,7,2028.0,3.0,2152.0,5.0,224.0,12,112,65
2024,9,915.0,-3.0,1508.0,-28.0,1744.0,1,147,51
2024,6,2021.0,6.0,2020.0,0.0,228.0,13,67,51
2024,2,859.0,14.0,1032.0,-3.0,719.0,12,177,51
2024,10,1734.0,-11.0,1857.0,-8.0,223.0,4,253,14
2024,4,550.0,-10.0,755.0,9.0,524.0,10,93,269
2024,1,932.0,-9.0,1127.0,7.0,378.0,0,176,20
2024,8,2025.0,355.0,2240.0,366.0,594.0,5,158,14
2024,6,528.0,3.0,854.0,-4.0,907.0,4,161,14
2024,4,1240.0,-10.0,1401.0,-7.0,259.0,6,139,93
2024,5,831.0,-3.0,1213.0,-13.0,1024.0,5,236,70
2024,3,933.0,-12.0,1749.0,-46.0,2762.0,13,111,143
2024,1,550.0,-10.0,821.0,-24.0,937.0,3,184,184
2024,7,1218.0,-7.0,1410.0,-15.0,631.0,9,62,181
2024,11,2039.0,-6.0,2347.0,-15.0,866.0,11,219,188
2024,1,1811.0,114.0,2056.0,112.0,1013.0,1,158,198
2024,9,2326.0,178.0,43.0,162.0,406.0,5,15,256
2024,9,1434.0,4.0,1721.0,1.0,1053.0,3,252,191
2024,2,2215.0,15.0,2316.0,3.0,214.0,14,266,183
2024,4,1843.0,-7.0,2044.0,-23.0,610.0,0,176,102
2024,1,2205.0,-5.0,2330.0,-15.0,399.0,1,266,33
2024,5,1904.0,-1.0,2021.0,-19.0,948.0,13,65,229
2024,3,625.0,-13.0,725.0,-25.0,261.0,11,185,199
2024,6,1615.0,-5.0,2102.0,47.0,1547.0,9,225,14
2024,11,1454.0,-5.0,1619.0,-6.0,213.0,14,176,269
2024,12,9.0,315.0,246.0,316.0,892.0,10,85,269
2024,2,1735.0,50.0,2134.0,34.0,1381.0,13,61,183
2024,3,1146.0,-1.0,1425.0,-2.0,1448.0,4,236,9
2024,7,1823.0,13.0,2019.0,-1.0,177.0,14,50,119
2024,6,1457.0,-3.0,1643.0,-11.0,603.0,1,46,254
2024,9,1535.0,174.0,1737.0,184.0,1075.0,4,67,116
2024,3,1452.0,102.0,1543.0,90.0,83.0,10,46,101
2024,9,1140.0,1.0,1515.0,-1.0,930.0,1,161,48
2024,3,908.0,-2.0,954.0,-13.0,144.0,11,161,75
2024,9,756.0,-4.0,1036.0,-27.0,1121.0,3,184,33
2024,9,905.0,-5.0,1308.0,5.0,1013.0,11,14,51
2024,4,718.0,-2.0,905.0,-17.0,594.0,4,67,14
2024,9,1853.0,21.0,2120.0,-10.0,1097.0,4,221,169
2024,4,1010.0,-5.0,1204.0,15.0,386.0,11,161,30
2024,12,1052.0,-8.0,1154.0,-5.0,525.0,11,219,26
2024,1,2032.0,-3.0,2201.0,-20.0,544.0,1,46,183
2024,5,1722.0,7.0,2006.0,-5.0,946.0,4,33,14
2024,1,1602.0,-3.0,1754.0,-11.0,1447.0,12,121,70
2024,11,755.0,-5.0,1007.0,-26.0,718.0,14,176,238
2024,7,2016.0,45.0,2148.0,51.0,304.0,1,222,199
2024,6,1738.0,13.0,1924.0,11.0,444.0,1,266,45
2024,11,705.0,-5.0,1121.0,11.0,1222.0,14,181,166
2024,2,758.0,-2.0,840.0,-29.0,626.0,4,219,227
2024,4,807.0,-3.0,1001.0,-15.0,1032.0,1,46,17
2024,10,2244.0,4.0,711.0,11.0,2446.0,2,222,183
2024,10,1048.0,-2.0,1307.0,-5.0,1038.0,10,192,131
2024,8,606.0,6.0,750.0,-10.0,640.0,4,93,14
2024,8,917.0,21.0,1043.0,7.0,449.0,1,46,198
2024,9,1254.0,-8.0,1439.0,-17.0,1506.0,12,254,70
2024,1,741.0,-4.0,903.0,-17.0,406.0,12,65,121
2024,5,1543.0,-2.0,1819.0,-1.0,551.0,13,193,56
2024,1,1805.0,10.0,1934.0,14.0,358.0,13,38,221
2024,9,718.0,-5.0,819.0,-26.0,152.0,11,100,70
2024,5,1646.0,1.0,2055.0,3.0,1190.0,12,112,269
2024,5,1651.0,45.0,1901.0,61.0,488.0,14,67,184
2024,3,1811.0,11.0,2025.0,1.0,1029.0,4,176,169
2024,7,1456.0,-7.0,1618.0,-1.0,304.0,4,15,147
2024,9,2113.0,-7.0,2234.0,-11.0,270.0,11,62,23
2024,2,646.0,-5.0,909.0,-7.0,622.0,8,169,65
2024,2,722.0,-3.0,823.0,-19.0,715.0,1,73,154
2024,7,2213.0,-4.0,555.0,0.0,2182.0,4,236,14
2024,10,1024.0,-1.0,1335.0,-20.0,969.0,13,175,269
2024,8,551.0,-9.0,823.0,-18.0,456.0,4,174,72
2024,6,1602.0,3.0,1855.0,-20.0,1189.0,3,225,191
2024,6,1812.0,-13.0,2138.0,-11.0,846.0,12,228,70
2024,11,2112.0,53.0,30.0,47.0,2552.0,1,158,221
2024,10,947.0,-3.0,1106.0,-13.0,370.0,1,147,199
2024,10,458.0,-8.0,938.0,1.0,868.0,1,193,65
2024,5,1713.0,-2.0,1914.0,-6.0,679.0,11,164,70
2024,10,1617.0,-13.0,1750.0,-16.0,373.0,11,216,154
2024,8,1110.0,-10.0,1131.0,-17.0,264.0,14,51,51
2024,9,1116.0,-4.0,1451.0,-10.0,1012.0,12,50,256
2024,12,1242.0,42.0,1527.0,27.0,684.0,13,156,191
2024,8,1418.0,23.0,1640.0,30.0,222.0,11,50,222
2024,8,1127.0,-10.0,1251.0,-19.0,436.0,11,164,224
2024,4,909.0,0.0,955.0,-9.0,158.0,8,62,1
2024,8,1939.0,-6.0,2100.0,-10.0,461.0,13,128,64
2024,3,1853.0,-12.0,2112.0,-51.0,896.0,5,257,191
2024,6,1659.0,19.0,1844.0,14.0,570.0,13,29,51
2024,3,524.0,-6.0,804.0,-15.0,1179.0,5,184,203
2024,6,832.0,-3.0,931.0,1.0,148.0,13,18,116
2024,10,523.0,-4.0,659.0,-29.0,431.0,8,152,65
2024,8,129.0,30.0,723.0,39.0,1616.0,1,199,65
2024,5,1137.0,17.0,1225.0,10.0,1090.0,13,18,143
2024,11,1841.0,-5.0,2009.0,-20.0,550.0,6,132,250
2024,2,807.0,-9.0,1517.0,-41.0,2120.0,12,223,61
2024,3,1209.0,-1.0,1259.0,-11.0,1090.0,13,18,143
2024,12,1604.0,4.0,2134.0,-1.0,1671.0,4,193,72
2024,9,1432.0,2.0,1602.0,-3.0,432.0,13,115,14
2024,11,930.0,-2.0,1052.0,5.0,675.0,8,158,182
2024,11,1130.0,0.0,1520.0,-9.0,1182.0,4,175,183
2024,10,1123.0,-2.0,1427.0,-3.0,813.0,13,18,14
2024,7,1157.0,-3.0,1306.0,-4.0,281.0,13,37,19
2024,7,523.0,-2.0,747.0,-8.0,972.0,13,50,17
2024,8,1823.0,10.0,2108.0,8.0,562.0,14,174,269
2024,8,1330.0,-5.0,1700.0,-12.0,1050.0,4,161,108
2024,9,2010.0,-10.0,2050.0,-22.0,73.0,11,65,56
2024,8,1756.0,-9.0,1900.0,-20.0,255.0,13,20,211
2024,4,605.0,5.0,910.0,20.0,978.0,2,236,233
2024,4,1126.0,-1.0,1206.0,-18.0,551.0,11,62,235
2024,11,1852.0,22.0,1954.0,19.0,239.0,13,112,64
2024,3,1907.0,-8.0,2120.0,-20.0,1119.0,1,84,65
2024,6,1103.0,-2.0,1639.0,-11.0,1590.0,4,219,14
2024,2,1343.0,3.0,1500.0,-10.0,409.0,13,67,19
2024,9,2316.0,19.0,8.0,9.0,1171.0,1,62,227
2024,12,923.0,-2.0,1117.0,-9.0,563.0,4,176,179
2024,1,1140.0,-6.0,1548.0,25.0,1562.0,1,33,65
2024,11,1724.0,14.0,1937.0,7.0,1131.0,13,194,116
2024,10,916.0,7.0,1036.0,21.0,168.0,1,46,45
2024,1,610.0,10.0,710.0,-13.0,199.0,11,206,228
2024,10,1955.0,-5.0,2307.0,9.0,1076.0,3,84,183
2024,10,916.0,-9.0,1048.0,-14.0,436.0,11,219,172
2024,3,1508.0,-7.0,1750.0,-38.0,1372.0,12,177,65
2024,5,1054.0,9.0,1138.0,3.0,148.0,13,112,17
2024,6,926.0,27.0,1143.0,15.0,762.0,4,176,14
2024,1,451.0,-9.0,813.0,-33.0,967.0,12,223,70
2024,12,1534.0,9.0,1650.0,-4.0,373.0,4,51,14
2024,4,2031.0,26.0,2255.0,10.0,925.0,13,20,89
2024,1,743.0,9.0,921.0,-4.0,931.0,4,266,169
2024,12,1742.0,10.0,2122.0,7.0,1110.0,10,271,269
2024,2,1159.0,8.0,1317.0,-2.0,366.0,1,46,200
2024,6,708.0,-8.0,900.0,-14.0,985.0,1,184,65
2024,7,2028.0,58.0,2142.0,54.0,819.0,12,65,190
2024,9,712.0,-3.0,951.0,-13.0,944.0,4,176,191
2024,5,826.0,-4.0,1007.0,-3.0,480.0,13,222,221
2024,12,704.0,-1.0,1010.0,-10.0,879.0,13,193,64
2024,9,1400.0,10.0,1812.0,3.0,1428.0,4,219,182
2024,9,1653.0,-2.0,2012.0,-7.0,896.0,12,223,5
2024,3,1025.0,42.0,1227.0,24.0,903.0,4,15,208
2024,1,1731.0,-4.0,1849.0,0.0,647.0,11,193,221
2024,10,1058.0,118.0,1155.0,96.0,1086.0,11,140,70
2024,1,1130.0,-4.0,1321.0,-29.0,814.0,1,254,269
2024,11,2219.0,80.0,48.0,116.0,1956.0,4,67,227
2024,8,908.0,38.0,1307.0,2.0,1303.0,1,62,198
2024,9,1312.0,-3.0,1515.0,-10.0,328.0,13,193,5
2024,10,1653.0,-9.0,1755.0,-6.0,674.0,4,15,262
2024,7,2143.0,134.0,2329.0,130.0,526.0,4,194,14
2024,8,800.0,0.0,1007.0,-13.0,834.0,13,184,200
2024,2,549.0,-11.0,828.0,-31.0,612.0,12,50,269
2024,11,1430.0,48.0,1631.0,37.0,807.0,6,115,232
2024,10,1536.0,1.0,1701.0,-4.0,461.0,13,61,131
2024,8,1445.0,-7.0,1652.0,-18.0,344.0,11,116,72
2024,5,1923.0,94.0,2221.0,89.0,689.0,4,112,14
2024,4,1611.0,-9.0,1748.0,-21.0,569.0,11,199,229
2024,7,700.0,0.0,811.0,-8.0,337.0,4,147,228
2024,3,1405.0,18.0,1449.0,-3.0,152.0,4,132,14
2024,12,1720.0,10.0,1846.0,1.0,386.0,13,139,229
2024,9,1018.0,-6.0,1836.0,-14.0,2537.0,2,199,33
2024,5,1831.0,-4.0,1930.0,-20.0,319.0,13,159,64
2024,3,1315.0,-6.0,1418.0,-17.0,177.0,10,46,135
2024,7,701.0,46.0,1433.0,32.0,2116.0,4,224,14
2024,5,612.0,-3.0,900.0,-5.0,503.0,0,135,14
2024,7,725.0,20.0,917.0,2.0,2136.0,9,194,154
2024,3,1813.0,-8.0,2205.0,-17.0,1005.0,5,50,191
2024,6,2129.0,-6.0,2324.0,9.0,930.0,1,46,169
2024,1,1747.0,-9.0,1916.0,-13.0,397.0,5,216,143
2024,8,1648.0,-4.0,1923.0,-18.0,1372.0,1,177,65
2024,2,626.0,-4.0,751.0,-39.0,391.0,11,207,154
2024,7,1544.0,32.0,1805.0,15.0,1020.0,1,242,199
2024,12,1146.0,32.0,1516.0,15.0,1012.0,12,50,256
2024,9,1223.0,-8.0,1432.0,2.0,483.0,14,58,183
2024,7,1656.0,-3.0,1841.0,-21.0,545.0,4,267,14
2024,7,1913.0,-8.0,2053.0,2.0,237.0,10,192,208
2024,7,1505.0,-5.0,1743.0,-26.0,1389.0,4,176,65
2024,3,1839.0,29.0,2119.0,26.0,951.0,5,267,198
2024,5,1706.0,6.0,1922.0,-23.0,946.0,13,20,166
2024,11,600.0,-8.0,859.0,-5.0,575.0,1,246,48
2024,4,1105.0,30.0,1843.0,19.0,2218.0,4,147,191
2024,11,809.0,-6.0,922.0,0.0,110.0,11,185,154
2024,6,1425.0,5.0,1802.0,4.0,980.0,4,161,211
2024,2,1134.0,-8.0,1339.0,-21.0,1120.0,1,85,51
2024,3,1754.0,-1.0,2058.0,-7.0,846.0,13,228,70
2024,3,830.0,-5.0,914.0,-16.0,163.0,13,111,137
2024,9,1110.0,-10.0,1256.0,-14.0,438.0,11,244,51
2024,7,1318.0,8.0,1557.0,-4.0,937.0,12,177,191
2024,11,534.0,-1.0,1059.0,-16.0,1642.0,13,180,116
2024,12,1432.0,2.0,1545.0,-10.0,423.0,13,182,51
2024,3,1504.0,63.0,1815.0,73.0,1111.0,6,203,88
2024,2,947.0,-1.0,1102.0,-1.0,743.0,4,15,71
2024,12,757.0,-4.0,1010.0,-14.0,1048.0,11,113,70
2024,8,1506.0,-4.0,1754.0,-6.0,601.0,13,50,269
2024,12,2322.0,1.0,654.0,-29.0,2677.0,2,111,241
2024,5,1257.0,1.0,1501.0,-2.0,705.0,4,234,72
2024,5,2015.0,6.0,2259.0,8.0,1721.0,12,50,241
2024,5,1559.0,-1.0,2111.0,-11.0,1452.0,12,65,269
2024,11,1219.0,-3.0,1530.0,-18.0,862.0,11,147,70
2024,9,2241.0,-9.0,2306.0,-18.0,453.0,4,15,151
2024,12,1857.0,127.0,2157.0,138.0,1084.0,4,67,90
2024,3,1359.0,14.0,1648.0,-2.0,838.0,13,50,158
2024,8,2232.0,-2.0,2314.0,-9.0,134.0,8,62,134
2024,2,1306.0,-4.0,1540.0,-12.0,1723.0,12,50,227
2024,1,1855.0,5.0,2059.0,5.0,1013.0,4,161,172
2024,2,1843.0,22.0,2127.0,-19.0,1391.0,4,176,65
2024,8,2234.0,-3.0,635.0,-27.0,2504.0,12,134,154
2024,5,1958.0,3.0,2051.0,-2.0,67.0,11,50,168
2024,9,557.0,-13.0,908.0,-1.0,625.0,11,29,72
2024,6,707.0,-3.0,903.0,-24.0,728.0,1,46,33
2024,9,839.0,-1.0,1059.0,-21.0,880.0,13,20,237
2024,2,1211.0,121.0,1549.0,137.0,2584.0,3,84,228
2024,7,651.0,46.0,804.0,42.0,785.0,1,140,65
2024,2,1016.0,-6.0,1129.0,-9.0,309.0,8,159,65
2024,4,719.0,-1.0,957.0,-3.0,937.0,13,50,116
2024,8,942.0,59.0,1059.0,27.0,1431.0,1,62,221
2024,3,556.0,-4.0,848.0,-16.0,721.0,4,61,14
2024,11,1136.0,-5.0,1426.0,-27.0,740.0,1,50,183
2024,9,1030.0,-7.0,1142.0,-18.0,187.0,14,33,183
2024,12,1841.0,2.0,2114.0,-4.0,927.0,5,254,55
2024,5,2032.0,-11.0,2224.0,-26.0,780.0,6,102,232
2024,9,1534.0,-4.0,2048.0,-8.0,1449.0,1,193,181
2024,1,1449.0,-3.0,1745.0,-20.0,1065.0,9,177,89
2024,3,944.0,-6.0,1314.0,-9.0,1014.0,12,65,181
2024,1,1146.0,-4.0,1247.0,-18.0,272.0,11,245,224
2024,11,1637.0,127.0,1925.0,109.0,606.0,12,50,14
2024,7,2216.0,31.0,2328.0,8.0,895.0,13,50,70
2024,9,2101.0,-2.0,2237.0,-6.0,967.0,12,65,228
2024,9,1414.0,-10.0,1508.0,-7.0,487.0,11,123,51
2024,11,1749.0,-10.0,1832.0,-22.0,152.0,4,15,135
2024,6,1944.0,69.0,2049.0,54.0,358.0,13,18,188
2024,7,1610.0,25.0,1913.0,33.0,651.0,13,65,64
2024,10,1155.0,-5.0,1312.0,-20.0,369.0,14,20,33
2024,5,625.0,0.0,733.0,-2.0,296.0,13,144,249
2024,6,1928.0,-2.0,2042.0,-13.0,417.0,13,222,229
2024,2,1528.0,-2.0,1816.0,50.0,1504.0,12,18,228
2024,10,724.0,14.0,1136.0,5.0,1310.0,4,161,191
2024,7,1950.0,18.0,2118.0,24.0,466.0,9,172,15
2024,10,626.0,-4.0,853.0,8.0,806.0,13,242,143
2024,8,1000.0,-5.0,1221.0,-14.0,496.0,13,73,226
2024,8,1634.0,-5.0,1739.0,-8.0,118.0,10,46,86
2024,7,711.0,31.0,811.0,12.0,246.0,12,212,184
2024,9,1939.0,4.0,2222.0,-13.0,651.0,13,65,64
2024,4,1420.0,27.0,1612.0,18.0,605.0,11,216,241
2024,2,53.0,-6.0,608.0,-25.0,1514.0,9,139,51
2024,6,806.0,-4.0,811.0,-18.0,332.0,4,15,164
2024,2,1838.0,-9.0,2029.0,-24.0,546.0,1,37,48
2024,2,1448.0,1.0,1632.0,-7.0,590.0,1,46,270
2024,5,605.0,-5.0,726.0,-14.0,369.0,13,20,33
2024,11,1534.0,-11.0,1734.0,26.0,160.0,11,10,51
2024,12,1016.0,1.0,1206.0,-29.0,2106.0,13,20,143
2024,1,722.0,-8.0,832.0,-22.0,212.0,12,92,70
2024,6,1859.0,23.0,2016.0,16.0,331.0,1,46,269
2024,8,945.0,-3.0,1236.0,-9.0,616.0,11,65,85
2024,12,1049.0,42.0,1217.0,48.0,292.0,14,208,183
2024,12,1212.0,-3.0,1436.0,-14.0,369.0,13,38,199
2024,8,1215.0,-5.0,1307.0,-23.0,304.0,13,193,227
2024,9,1610.0,0.0,1733.0,-12.0,373.0,4,51,14
2024,4,1114.0,48.0,1241.0,62.0,224.0,12,204,269
2024,11,2125.0,-1.0,2240.0,-8.0,345.0,9,207,143
2024,4,1924.0,-5.0,2054.0,-14.0,213.0,14,176,269
2024,8,725.0,-5.0,817.0,-19.0,1205.0,1,62,233
2024,9,2113.0,-4.0,2354.0,-36.0,1145.0,1,158,72
2024,5,1243.0,73.0,1419.0,105.0,190.0,1,62,17
2024,4,655.0,-5.0,809.0,-21.0,1299.0,4,161,143
2024,12,1740.0,-5.0,2140.0,-28.0,1449.0,1,193,181
2024,6,1233.0,-4.0,1718.0,4.0,1417.0,3,112,183
2024,8,1032.0,-4.0,1516.0,13.0,1576.0,5,192,230
2024,11,1743.0,98.0,2038.0,110.0,1256.0,4,33,131
2024,3,2024.0,-6.0,2239.0,13.0,552.0,8,50,151
2024,1,1240.0,0.0,1342.0,-18.0,622.0,13,20,51
2024,8,2024.0,-13.0,2119.0,-29.0,190.0,1,18,65
2024,12,934.0,154.0,1132.0,142.0,544.0,1,176,48
2024,6,1646.0,-6.0,1737.0,-6.0,1055.0,1,62,143
2024,4,2003.0,4.0,2311.0,-2.0,1080.0,5,158,55
2024,9,1103.0,-7.0,1244.0,-15.0,519.0,10,234,269
2024,7,1748.0,-2.0,1842.0,-13.0,293.0,13,61,156
2024,5,108.0,139.0,207.0,130.0,213.0,1,46,238
2024,2,1041.0,-4.0,1227.0,-23.0,1524.0,13,160,143
2024,1,1520.0,-4.0,1832.0,-4.0,867.0,1,50,33
2024,8,1711.0,10.0,1849.0,3.0,507.0,1,46,256
2024,10,1517.0,2.0,1901.0,6.0,1162.0,13,18,211
2024,6,1352.0,119.0,1524.0,129.0,874.0,4,15,226
2024,2,1753.0,-7.0,2107.0,-2.0,669.0,4,160,14
2024,3,1328.0,-7.0,1626.0,-23.0,1050.0,4,222,241
2024,7,1153.0,-3.0,1314.0,-7.0,764.0,10,46,242
2024,7,1719.0,-10.0,1932.0,12.0,427.0,14,176,211
2024,12,1003.0,-3.0,1129.0,-7.0,835.0,8,62,212
2024,7,2002.0,77.0,2309.0,54.0,2105.0,4,33,224
2024,12,1901.0,1.0,2128.0,-19.0,992.0,9,84,198
2024,11,1759.0,-6.0,1915.0,-16.0,322.0,10,46,269
2024,6,1155.0,19.0,1350.0,9.0,631.0,1,174,65
2024,3,1548.0,0.0,1750.0,0.0,867.0,8,33,51
2024,3,1008.0,-2.0,1252.0,-21.0,646.0,8,50,211
2024,9,1740.0,10.0,2012.0,-3.0,602.0,13,193,70
2024,5,1442.0,-3.0,1629.0,-11.0,632.0,1,46,89
2024,1,2024.0,3.0,2304.0,-8.0,612.0,1,50,269
2024,4,2026.0,46.0,2209.0,14.0,1120.0,12,85,51
2024,10,2136.0,-8.0,2350.0,-6.0,724.0,8,158,135
2024,4,1446.0,-3.0,1646.0,-6.0,550.0,14,177,179
2024,2,1555.0,-5.0,1832.0,-18.0,668.0,13,50,198
2024,9,823.0,-12.0,924.0,-21.0,296.0,13,38,229
2024,4,1922.0,-6.0,2233.0,18.0,562.0,10,174,269
2024,4,856.0,-4.0,1005.0,-10.0,296.0,13,61,151
2024,2,1916.0,2.0,2127.0,-14.0,2077.0,1,46,227
2024,2,645.0,0.0,1153.0,-22.0,1592.0,13,147,249
2024,12,1518.0,-2.0,1741.0,-2.0,1216.0,2,258,241
2024,5,1113.0,-2.0,1332.0,4.0,757.0,4,184,53
2024,5,1354.0,-1.0,1739.0,10.0,930.0,1,161,48
2024,12,1307.0,29.0,1413.0,22.0,306.0,4,15,101
2024,4,2021.0,-8.0,2239.0,19.0,547.0,14,15,269
2024,5,1036.0,6.0,1159.0,-11.0,480.0,13,222,221
2024,4,1357.0,181.0,1533.0,165.0,447.0,8,175,65
2024,9,1751.0,51.0,1933.0,83.0,192.0,1,158,191
2024,9,653.0,-7.0,947.0,-10.0,1189.0,9,184,230
2024,12,855.0,-5.0,943.0,-17.0,628.0,13,65,143
2024,7,2016.0,208.0,2137.0,211.0,731.0,1,15,65
2024,7,1527.0,17.0,1653.0,23.0,426.0,13,259,17
2024,2,1447.0,7.0,1537.0,15.0,102.0,7,111,149
2024,6,606.0,-4.0,910.0,-15.0,813.0,13,18,14
2024,10,1532.0,-9.0,1646.0,-17.0,332.0,11,74,72
2024,2,1018.0,-2.0,1138.0,8.0,223.0,13,139,40
2024,5,930.0,1.0,1444.0,96.0,985.0,1,62,191
2024,12,553.0,-7.0,1216.0,24.0,1660.0,2,236,65
2024,6,2027.0,-3.0,2310.0,-3.0,1020.0,1,193,245
2024,5,856.0,-4.0,1134.0,-1.0,814.0,13,266,256
2024,1,1900.0,45.0,2128.0,29.0,937.0,3,184,184
2024,12,1022.0,12.0,1239.0,24.0,1506.0,13,254,70
2024,1,722.0,17.0,1043.0,18.0,917.0,13,54,51
2024,1,717.0,-3.0,859.0,3.0,862.0,12,112,70
2024,2,652.0,7.0,845.0,-11.0,1587.0,9,174,143
2024,6,1218.0,-4.0,1401.0,-9.0,481.0,10,7,48
2024,8,907.0,-8.0,1028.0,-17.0,284.0,14,177,185
2024,10,1416.0,46.0,1531.0,36.0,369.0,13,20,33
2024,12,1623.0,-5.0,1940.0,16.0,651.0,1,175,48
2024,5,1845.0,-5.0,9.0,-6.0,1440.0,1,193,51
2024,8,1235.0,4.0,1437.0,-13.0,665.0,14,115,183
2024,5,520.0,20.0,649.0,11.0,469.0,8,163,65
2024,3,1920.0,6.0,2007.0,-4.0,118.0,10,46,86
2024,8,1359.0,0.0,1503.0,-19.0,248.0,10,266,101
2024,5,227.0,314.0,412.0,317.0,1431.0,1,62,221
2024,7,1908.0,18.0,2039.0,0.0,1532.0,4,161,227
2024,5,539.0,-10.0,1057.0,-27.0,1477.0,1,242,65
2024,11,853.0,-7.0,1030.0,-20.0,519.0,10,234,269
2024,7,1011.0,1.0,1227.0,-11.0,1838.0,4,15,32
2024,9,1209.0,11.0,1500.0,6.0,680.0,2,129,241
2024,11,821.0,41.0,929.0,29.0,283.0,13,105,19
2024,10,1735.0,-4.0,2011.0,12.0,1250.0,5,50,224
2024,9,657.0,-13.0,948.0,-21.0,1069.0,4,84,183
2024,11,1115.0,-10.0,1416.0,-9.0,582.0,11,65,274
2024,11,1111.0,1.0,1641.0,16.0,1345.0,1,207,65
2024,9,622.0,-8.0,816.0,-34.0,2133.0,12,177,199
2024,8,1607.0,12.0,1841.0,11.0,937.0,13,50,116
2024,2,748.0,-2.0,1057.0,-28.0,997.0,13,50,256
2024,2,1942.0,297.0,2044.0,283.0,226.0,9,228,143
2024,9,2359.0,0.0,601.0,-11.0,1730.0,11,88,51
2024,5,1459.0,-9.0,1649.0,2.0,500.0,14,273,183
2024,4,649.0,-1.0,958.0,-20.0,964.0,1,112,166
2024,8,835.0,5.0,937.0,-7.0,226.0,4,46,14
2024,7,822.0,-3.0,930.0,7.0,610.0,0,67,164
2024,10,758.0,-1.0,932.0,3.0,411.0,0,51,269
2024,6,2049.0,4.0,2153.0,3.0,599.0,4,219,228
2024,7,901.0,111.0,1008.0,108.0,231.0,13,139,152
2024,7,1538.0,22.0,1930.0,19.0,1142.0,4,32,169
2024,11,606.0,1.0,705.0,-5.0,73.0,13,54,70
2024,1,1533.0,-1.0,1829.0,-10.0,1547.0,4,225,14
2024,7,2324.0,141.0,34.0,129.0,853.0,12,65,227
2024,9,1900.0,-6.0,1940.0,6.0,316.0,1,52,51
2024,5,611.0,-4.0,743.0,-16.0,1440.0,1,50,199
2024,4,1947.0,17.0,2229.0,9.0,668.0,13,50,198
2024,5,1128.0,-4.0,1453.0,3.0,740.0,1,50,183
2024,7,2302.0,22.0,13.0,19.0,236.0,4,147,143
2024,1,1319.0,24.0,1431.0,4.0,337.0,4,223,154
2024,5,1358.0,43.0,2141.0,49.0,2065.0,12,139,269
2024,7,1741.0,-9.0,1920.0,-17.0,284.0,14,178,184
2024,9,601.0,-14.0,836.0,-29.0,937.0,12,177,191
2024,9,702.0,-8.0,933.0,12.0,1660.0,5,62,241
2024,10,1335.0,25.0,1449.0,25.0,268.0,8,50,217
2024,12,2119.0,39.0,2344.0,64.0,502.0,4,176,72
2024,6,650.0,-10.0,747.0,-18.0,501.0,11,48,51
2024,3,1550.0,65.0,1802.0,51.0,1635.0,12,112,228
2024,6,553.0,-7.0,711.0,-18.0,370.0,12,193,154
2024,12,903.0,-2.0,1508.0,11.0,1635.0,12,223,116
2024,8,1134.0,-6.0,1235.0,-20.0,323.0,13,8,64
2024,12,1739.0,4.0,1914.0,29.0,577.0,11,97,51
2024,10,553.0,-7.0,714.0,-19.0,391.0,5,219,70
2024,1,1437.0,-4.0,1637.0,0.0,964.0,1,158,116
2024,6,2132.0,84.0,40.0,70.0,844.0,12,112,119
2024,10,827.0,-6.0,1038.0,-27.0,1148.0,14,176,189
2024,8,1239.0,-11.0,1517.0,-19.0,878.0,14,33,114
2024,11,1721.0,-4.0,2027.0,-8.0,1972.0,1,158,199
2024,11,1217.0,27.0,1413.0,28.0,1062.0,13,175,70
2024,4,1749.0,4.0,2009.0,9.0,756.0,13,174,17
2024,1,1135.0,-10.0,1307.0,-28.0,453.0,0,192,72
2024,3,1527.0,-8.0,1716.0,-8.0,526.0,4,194,14
2024,5,801.0,-4.0,847.0,-8.0,551.0,13,184,182
2024,9,1201.0,-9.0,1539.0,-21.0,1117.0,12,112,200
2024,4,21.0,146.0,315.0,147.0,1069.0,3,84,183
2024,10,732.0,-4.0,852.0,-15.0,361.0,1,46,19
2024,3,550.0,-10.0,720.0,-30.0,496.0,3,194,33
2024,2,1656.0,-9.0,2050.0,-2.0,1107.0,2,236,199
2024,8,1417.0,-3.0,1538.0,-2.0,236.0,9,147,143
2024,9,908.0,-7.0,1155.0,-10.0,511.0,1,156,48
2024,1,627.0,-3.0,1008.0,-8.0,967.0,12,223,70
2024,9,1155.0,-10.0,1453.0,-3.0,1011.0,5,37,191
2024,7,955.0,668.0,1050.0,664.0,77.0,11,223,176
2024,2,1820.0,-5.0,2021.0,-14.0,867.0,14,33,51
2024,8,1338.0,-7.0,1452.0,-13.0,202.0,3,173,183
2024,6,1401.0,-9.0,1547.0,-25.0,605.0,11,216,241
2024,3,1518.0,-7.0,1754.0,-27.0,1035.0,4,267,183
2024,1,2034.0,-6.0,2138.0,-12.0,601.0,13,266,51
2024,1,2152.0,17.0,2344.0,7.0,1032.0,1,46,17
2024,5,926.0,-6.0,1130.0,-11.0,228.0,11,50,72
2024,2,1314.0,2.0,1847.0,0.0,1504.0,12,223,17
2024,2,2023.0,30.0,2124.0,12.0,204.0,10,194,269
2024,6,558.0,-2.0,733.0,3.0,461.0,13,128,64
2024,9,1037.0,-6.0,1738.0,4.0,1587.0,5,193,14
2024,7,1319.0,56.0,1848.0,64.0,1231.0,1,38,65
2024,12,1547.0,-8.0,1658.0,-17.0,362.0,13,180,190
2024,8,2142.0,105.0,2331.0,107.0,577.0,4,15,19
2024,6,1027.0,17.0,1215.0,35.0,448.0,13,246,169
2024,6,1801.0,107.0,2025.0,100.0,1781.0,12,50,221
2024,6,831.0,-4.0,1002.0,-14.0,337.0,2,223,154
2024,2,2033.0,33.0,2152.0,22.0,480.0,13,216,227
2024,10,2001.0,6.0,2113.0,-7.0,397.0,13,216,143
2024,2,2018.0,8.0,2335.0,10.0,870.0,11,193,273
2024,12,1900.0,8.0,2158.0,-2.0,2354.0,2,204,241
2024,8,1020.0,-8.0,1318.0,-19.0,722.0,1,170,65
2024,11,803.0,-2.0,1333.0,-22.0,1751.0,13,222,181
2024,2,828.0,-2.0,932.0,-22.0,270.0,4,121,14
2024,10,1554.0,-4.0,1856.0,-10.0,775.0,5,65,17
2024,2,2044.0,-6.0,2220.0,2.0,306.0,11,67,155
2024,12,620.0,0.0,748.0,-2.0,447.0,13,223,227
2024,10,1445.0,-5.0,1640.0,-22.0,589.0,0,176,53
2024,5,1141.0,-8.0,1242.0,-14.0,214.0,1,266,183
2024,11,1627.0,-3.0,1724.0,-8.0,596.0,4,51,169
2024,8,1719.0,-1.0,1923.0,-14.0,1726.0,1,50,233
2024,3,1816.0,-9.0,1928.0,-15.0,184.0,1,33,183
2024,7,1620.0,-5.0,1931.0,-19.0,882.0,13,246,191
2024,6,1829.0,-6.0,1953.0,-7.0,872.0,13,156,70
2024,3,1330.0,5.0,2057.0,25.0,1947.0,4,147,14
2024,2,2228.0,-2.0,12.0,-3.0,929.0,9,254,65
2024,9,1932.0,-20.0,2116.0,-17.0,444.0,4,232,14
2024,2,1058.0,-8.0,1252.0,-6.0,550.0,1,43,198
2024,11,2043.0,118.0,2229.0,89.0,1103.0,1,158,17
2024,11,2112.0,47.0,2310.0,35.0,1167.0,13,84,51
2024,2,1450.0,-1.0,1726.0,-29.0,1097.0,3,269,89
2024,11,1125.0,5.0,1252.0,-10.0,361.0,1,46,19
2024,6,1144.0,-6.0,1358.0,-12.0,895.0,13,52,191
2024,5,551.0,-9.0,1015.0,-16.0,1448.0,2,9,241
2024,4,1250.0,315.0,1632.0,312.0,985.0,5,62,191
2024,9,1335.0,-11.0,1518.0,-6.0,386.0,10,253,48
2024,9,802.0,-6.0,923.0,-4.0,237.0,8,62,262
2024,7,736.0,-9.0,851.0,-16.0,853.0,12,65,227
2024,7,1140.0,11.0,1225.0,1.0,602.0,12,65,199
2024,11,1121.0,-8.0,1334.0,-4.0,624.0,1,66,65
2024,9,1028.0,-2.0,1523.0,-22.0,1334.0,13,222,131
2024,10,2055.0,-15.0,2341.0,-18.0,622.0,4,161,55
2024,9,1852.0,-18.0,1929.0,-3.0,292.0,11,69,70
